user id,number of times user adopted from,number of incoming adoption edges (lib-source pairs)
2,1,107
15,1435,365
22,43,152
26,35,122
28,2,177
51,327,19
57,571,7802
62,202,1130
72,31,476
74,1575,898
76,180,0
78,136,22
81,34,218
83,896,5
89,0,414
93,48,250
97,2,132
105,130,17
116,237,141
121,34,221
132,768,572
146,240,68
147,484,185
150,25,182
152,71,226
153,7,204
164,1,109
165,358,142
169,0,123
173,121,50
180,33,124
186,299,54
187,318,288
197,370,344
201,157,103
204,0,149
205,102,428
221,412,1022
223,56,100
229,105,182
247,241,245
257,29,117
266,95,182
298,85,252
305,101,69
320,466,135
330,95,151
343,416,155
350,185,323
360,161,265
374,9,149
383,6,110
399,86,189
401,903,188
442,14,103
452,1045,314
456,146,61
459,1218,407
464,86,1220
467,408,2006
471,32,108
484,31,124
485,56,106
494,92,189
507,205,179
508,587,59
515,162,15
526,0,438
541,134,105
544,128,221
546,100,86
548,519,177
553,233,24
558,0,110
606,31,109
638,708,304
650,264,0
660,195,233
669,41,698
725,540,152
726,48,150
732,451,448
747,814,308
756,944,442
757,3,101
763,131,85
764,552,388
778,202,194
802,1,127
808,24,158
811,199,69
821,0,114
840,50,139
845,2,120
853,129,71
858,179,83
869,103,98
876,0,109
877,555,375
887,119,2107
891,106,64
906,46,164
920,8,132
941,0,137
971,124,42
982,511,7086
984,172,590
997,72,112
1038,19,586
1048,248,23
1051,296,290
1064,115,142
1083,416,519
1085,357,246
1094,167,121
1098,144,222
1099,94,167
1137,1835,1249
1151,41,130
1154,794,230
1162,392,260
1163,1256,275
1178,24,128
1180,0,116
1181,4,173
1189,15,136
1190,51,226
1197,1087,399
1211,4,225
1221,2831,216
1280,613,83
1321,16,127
1328,1311,356
1334,8,107
1351,19013,1828
1352,121,204
1404,127,114
1410,186,1455
1434,202,619
1435,294,538
1461,131,104
1472,1,130
1478,0,164
1482,126,162
1500,408,2
1501,136,19
1506,98,117
1518,0,213
1530,712,996
1540,605,413
1542,1777,417
1543,359,54
1545,43,127
1552,123,144
1566,1011,492
1589,106,59
1615,865,221
1622,12614,5897
1640,24,132
1663,105,15
1673,0,288
1674,3,183
1688,638,1810
1696,1020,1124
1702,16,129
1707,253,184
1710,125,80
1712,118,58
1728,7,207
1733,147,4
1739,967,258
1745,14,123
1754,201,822
1756,196,618
1758,67,181
1763,164,139
1785,115,81
1791,24,120
1801,106,15
1839,135,66
1860,371,2569
1887,0,185
1905,20,163
1914,478,71
1921,168,749
1934,3,109
1947,37,215
1960,999,265
1962,108,9
1969,199,100
1995,221,213
2009,169,41
2020,55,380
2023,158,31
2038,8,125
2040,113,52
2042,375,1450
2077,68,113
2082,29,105
2093,8,344
2097,59,100
2098,862,1494
2124,248,264
2131,6,252
2139,0,350
2165,213,105
2199,360,670
2219,116,0
2228,404,0
2229,163,62
2243,1236,326
2259,112,81
2269,3,167
2274,75,294
2276,82,103
2282,176,128
2301,55,128
2377,0,148
2381,188,63
2383,1021,40
2384,120,45
2387,140,21
2459,195,258
2492,646,524
2505,1390,722
2537,91,117
2538,2,105
2552,245,428
2560,140,108
2567,147,311
2575,0,356
2587,81,260
2591,44,104
2625,713,1414
2626,47,132
2627,1455,718
2628,3136,1484
2630,28,160
2645,1370,301
2662,120,472
2671,150,45
2694,225,18
2710,474,12
2746,250,2
2750,125,164
2754,1244,99
2762,1233,1219
2763,42,174
2765,133,85
2795,1816,605
2800,13,179
2806,203,517
2819,438,26
2831,182,35
2855,159,367
2884,91,170
2909,4,149
2913,103,90
2927,816,749
2932,69,514
2933,133,584
2934,20,569
2941,35,408
2942,0,119
2956,515,941
2963,135,0
3007,66,120
3031,7,103
3062,127,37
3172,112,201
3260,168,61
3268,123,0
3300,74,184
3301,68,154
3314,2,125
3329,148,37
3333,166,54
3339,449,236
3356,8,211
3357,34,375
3358,162,629
3359,318,38
3360,2276,1738
3363,64,183
3367,134,87
3368,856,253
3371,1408,1859
3373,1430,305
3374,488,635
3375,18352,6847
3378,172,167
3380,658,695
3384,82,117
3385,30,100
3390,5482,4459
3393,33468,8158
3395,110,448
3397,347,6621
3398,250,5
3399,246,185
3405,7114,1787
3421,244,379
3422,443,308
3450,578,134
3467,71,214
3478,508,54
3503,172,106
3508,230,113
3580,107,289
3581,167,33
3584,125,3
3661,132,146
3691,52,308
3697,105,62
3769,157,65
3772,61,390
3862,970,540
3872,101,140
3925,219,75
3932,102,1
3953,57,169
3958,1682,526
3959,62,282
3961,1136,728
3975,166,44
3992,838,575
3996,880,300
4007,260,247
4011,709,427
4027,6,182
4035,0,118
4043,303,932
4081,22,103
4105,114,7
4108,314,95
4120,15,108
4147,10,105
4150,31,255
4154,151,393
4179,68,9507
4192,18315,5944
4202,184,47
4207,93,182
4214,4,142
4244,150,530
4251,12,110
4269,246,377
4270,859,1451
4273,24,143
4274,205,166
4275,169,99
4278,19,133
4296,0,100
4300,485,3861
4313,227,95
4314,6,216
4321,7499,1135
4322,855,586
4323,678,354
4324,1209,877
4325,8625,1123
4326,196,342
4328,0,128
4330,40,127
4332,194,339
4333,1313,559
4336,841,652
4337,3293,504
4338,1401,479
4339,366,685
4341,0,213
4343,10,355
4345,48,308
4346,137,103
4348,5,158
4349,4771,509
4351,306,153
4353,0,324
4357,98,355
4358,28,358
4359,4281,392
4360,2264,938
4364,451,102
4365,100,42
4368,81,250
4369,250,40
4370,104,513
4371,141,16
4372,1026,597
4373,114,375
4374,153,265
4375,945,1054
4377,155,140
4384,0,425
4388,4,197
4389,134,221
4392,61,135
4394,82,348
4396,352,936
4397,0,140
4400,0,1125
4405,353,407
4406,154,171
4408,115,10
4412,239,296
4413,134,369
4415,464,391
4419,0,1177
4422,364,818
4423,0,183
4426,118,615
4427,0,136
4437,0,308
4441,160,267
4449,130,597
4453,0,115
4459,397,1834
4465,409,376
4467,31,112
4468,0,220
4470,208,53
4471,0,157
4473,48,242
4475,192,0
4479,46,115
4490,62,328
4495,0,137
4496,0,209
4498,626,561
4500,299,929
4501,111,224
4507,95,211
4510,52,303
4529,99,154
4532,1371,1265
4540,0,558
4542,0,170
4548,8,312
4553,0,612
4558,1,520
4570,0,110
4573,15,1644
4580,192,375
4590,0,144
4594,2177,2849
4597,51,159
4600,1249,2866
4601,52,511
4602,256,0
4603,1101,803
4604,206,201
4611,52,142
4613,0,772
4625,157,473
4633,122,232
4634,0,832
4635,125,405
4643,946,1039
4651,2696,2248
4658,0,255
4660,110,268
4666,2,130
4676,0,226
4679,0,418
4683,0,322
4684,468,212
4685,0,229
4688,10,357
4689,0,654
4695,0,358
4696,104,0
4703,314,530
4718,223,80
4724,1,251
4751,317,303
4761,46,127
4766,0,151
4769,28,188
4786,0,120
4799,203,164
4800,423,127
4802,239,360
4816,298,6
4828,116,5
4830,160,85
4834,39,130
4842,33,178
4876,1568,250
4877,98,538
4908,165,150
4910,348,397
4912,226,115
4913,609,317
4915,13,308
4921,113,133
4926,52,117
4932,61,173
4941,442,1167
4947,1285,943
4961,12,328
4972,41,100
4973,136,44
4977,308,499
4994,11,130
5000,164,80
5006,413,323
5010,68,665
5022,77,235
5023,6,117
5025,233,148
5026,51,495
5027,1251,539
5028,176,142
5031,94,192
5035,9,124
5041,266,0
5045,137,54
5046,0,145
5062,138,381
5097,5058,4684
5115,4,216
5126,115,76
5153,138,31
5188,10,160
5257,8,218
5263,53,320
5264,114,47
5288,20,177
5300,64,236
5334,202,35
5408,1489,343
5410,26,217
5413,377,504
5439,15,243
5446,326,139
5451,4226,1510
5466,3,155
5483,54,281
5545,46,165
5566,22,117
5600,158,167
5624,123,25
5627,163,289
5644,26,106
5646,81,255
5660,7,138
5679,205,192
5680,134,271
5692,188,558
5702,513,357
5710,27,103
5759,23525,1612
5766,428,11
5768,0,342
5774,1113,74
5786,140,101
5861,130,219
5892,170,1434
5901,5566,673
5906,24,165
5907,1636,600
5916,75,336
5918,259,78
5924,3630,1958
5950,4,239
5966,23,127
5973,1358,1319
5989,107,34
6001,130,65
6006,168,49
6016,568,413
6023,115,123
6024,4530,1757
6030,197,189
6087,50,265
6126,173,210
6141,558,628
6148,423,98
6153,338,252
6174,1431,457
6194,103,25
6216,122,241
6219,1460,6473
6226,139,149
6227,49,103
6240,149,97
6261,102,188
6263,196,243
6264,458,240
6273,666,235
6276,285,609
6277,943,278
6287,166,48
6289,5883,6288
6290,369,178
6294,1,1070
6296,1096,238
6297,40,136
6305,45,543
6307,81,133
6308,65,172
6321,2466,4367
6325,4,123
6328,343,143
6338,138,356
6344,0,234
6362,104,192
6431,1886,1556
6433,235,1636
6435,78,1018
6437,1311,2381
6482,33,562
6486,527,337
6487,16,378
6488,141,318
6489,0,120
6491,74,175
6497,31,130
6505,0,168
6510,192,13
6524,192,60
6531,134,158
6537,432,416
6586,23,125
6589,36,247
6609,755,119
6636,344,76
6639,114,0
6648,28,136
6667,165,80
6669,71,132
6677,171,0
6680,101,6
6687,109,3
6688,15,150
6689,0,160
6690,159,10
6692,7,137
6693,104,0
6699,272,70
6703,131,67
6713,109,0
6717,269,8
6721,116,0
6737,1,117
6745,25,137
6771,0,152
6780,90,246
6792,113,101
6801,104,43
6804,205,27
6846,112,11
6853,17,288
6873,0,136
6878,107,46
6983,107,346
7018,49,114
7065,434,190
7066,101,89
7067,4438,1221
7068,282,323
7069,352,63
7071,30,149
7072,2466,625
7073,65,136
7074,100,416
7075,1662,1417
7078,22,134
7079,63,550
7085,263,251
7087,282,772
7088,196,302
7090,2465,430
7093,77,101
7105,3,162
7106,120,280
7107,47,128
7110,420,240
7111,0,140
7113,160,660
7114,240,580
7116,107,144
7120,460,640
7121,220,260
7122,105,265
7123,700,700
7124,487,451
7126,280,80
7127,0,100
7129,420,840
7130,0,120
7132,500,240
7133,349,260
7135,0,760
7137,1180,40
7138,60,1160
7141,60,500
7142,0,200
7153,436,640
7176,272,16
7177,16,148
7183,269,665
7198,0,1016
7199,97,328
7280,303,395
7285,744,1
7299,160,213
7307,1201,817
7345,260,44
7348,183,739
7349,142,20
7351,63,130
7355,273,412
7363,49,106
7380,120,47
7417,0,387
7424,193,379
7486,33,101
7507,126,57
7516,10,119
7518,20,114
7521,117,130
7526,64,154
7530,183,127
7535,941,11338
7537,207,93
7544,14,361
7549,236,675
7592,170,36
7595,1885,3138
7604,90,182
7610,26,217
7658,46,155
7687,224,426
7731,881,273
7732,222,128
7738,1123,926
7742,4225,2387
7760,38,121
7767,474,231
7781,3708,165
7785,5,122
7856,265,136
7921,1024,570
7932,107,3
7989,347,3866
7990,15150,3484
7991,10266,4725
7992,1233,902
7993,207,247
7996,903,1503
7997,1163,1514
7998,10240,6350
7999,46,114
8000,4747,3505
8001,627,935
8002,1156,3006
8003,3710,3443
8004,3363,1746
8005,1078,886
8006,64,236
8007,405,216
8008,76,2254
8009,12310,2867
8010,2994,4105
8012,8275,4021
8013,1833,3827
8014,586,1680
8015,9011,4812
8018,5986,6564
8019,26292,2550
8020,12059,8689
8021,101,211
8022,407,398
8023,99,962
8024,7694,3201
8025,5445,4581
8026,1064,1316
8027,70,248
8029,492,869
8030,7025,2212
8031,4,270
8033,752,1040
8034,467,727
8035,2188,1945
8036,8814,10111
8037,514,1304
8038,1159,1398
8039,6636,2774
8040,769,1964
8041,224,99
8042,1,257
8043,1449,896
8045,362,266
8046,1038,2618
8047,1535,1817
8048,131,298
8049,325,514
8050,88,681
8051,3,115
8052,404,1016
8053,96,578
8054,1654,511
8055,158,663
8056,2258,8663
8057,578,2008
8058,35622,6866
8059,1844,1310
8061,1796,1699
8062,60,185
8064,844,1758
8065,5570,6688
8066,1480,5397
8067,96,738
8068,994,244
8069,734,1613
8070,382,1113
8071,145,447
8072,136,29
8073,892,1985
8074,1220,1264
8075,717,2146
8077,867,4538
8078,780,1474
8079,1181,58
8080,1981,4901
8081,318,1419
8083,37,286
8084,472,441
8085,3149,3293
8086,571,729
8087,71,576
8089,756,2017
8090,35,127
8091,670,2290
8092,170,1279
8095,1106,1262
8098,160,107
8099,5,137
8101,1476,1601
8102,5228,6154
8103,111,447
8104,1936,1369
8105,177,384
8106,172,398
8107,4152,3892
8108,10384,3963
8109,7221,3150
8113,3,119
8114,2192,2077
8116,602,1690
8117,213,489
8118,293,185
8119,33,1322
8121,17,302
8122,7229,9833
8124,1114,671
8125,633,952
8127,56,179
8129,3334,1989
8130,184,98
8131,1313,3933
8132,190,508
8135,1046,1542
8136,2179,4267
8138,243,3129
8139,213,975
8140,2746,4352
8141,144,237
8142,3284,1128
8144,8,371
8145,1087,1368
8146,416,134
8147,0,281
8148,306,411
8151,28,478
8152,5622,2385
8153,3654,2793
8158,44,104
8159,357,204
8160,1432,2233
8161,0,202
8162,9229,6944
8163,86,1664
8164,365,337
8165,3517,3795
8166,315,423
8169,2672,3916
8172,4843,4636
8173,812,6365
8174,877,1410
8176,1,226
8179,1998,2203
8182,156,1438
8183,7,215
8184,2773,2476
8185,205,97
8186,106,404
8188,372,376
8189,1384,1140
8191,24,290
8192,0,116
8194,68,240
8195,1233,1644
8196,0,137
8197,205,315
8198,221,282
8200,10,381
8201,465,734
8203,1372,1582
8204,55,476
8205,3731,6539
8206,1069,1308
8211,1735,3978
8212,121,427
8213,300,395
8214,50,384
8215,2855,2638
8218,440,1294
8219,100,202
8220,1761,2417
8222,754,20
8224,500,1463
8225,1021,1220
8226,1093,407
8227,1051,2244
8230,25,188
8232,209,163
8233,6,412
8235,51,1196
8238,0,2318
8240,334,1063
8242,301,978
8243,92,265
8244,202,974
8245,341,951
8247,310,1705
8249,6438,1891
8251,44,360
8252,1151,2060
8253,24,300
8255,5966,6106
8256,275,674
8259,108,890
8260,13965,6595
8261,1738,177
8262,475,830
8264,174,206
8265,6282,7435
8266,54,316
8267,5570,2727
8268,159,231
8269,2542,1730
8270,207,12
8271,2099,1746
8273,21,335
8274,28,291
8275,1373,1495
8276,492,855
8277,188,1141
8279,315,240
8281,4621,2569
8282,4429,3184
8284,9,504
8286,154,103
8287,300,702
8288,7976,6456
8289,6296,6058
8290,371,3333
8291,3179,2414
8293,592,621
8295,851,3679
8297,965,979
8301,7033,8807
8304,886,1808
8305,1299,1975
8306,173,1201
8307,0,209
8310,2336,5050
8311,229,352
8312,1637,1138
8313,198,1760
8314,3843,5103
8315,64,2016
8318,5,818
8320,321,1438
8322,50,345
8323,110,552
8325,2948,2069
8328,94,329
8329,242,137
8331,1129,3394
8336,607,2057
8337,239,948
8338,443,284
8340,5710,5939
8342,922,4005
8343,383,201
8344,3465,2763
8346,0,1068
8347,2531,2402
8351,213,1251
8358,142,796
8359,968,1841
8360,198,41
8361,83,654
8362,108,444
8363,600,0
8366,26,2813
8368,7,312
8369,47,2313
8370,80,850
8371,27,138
8372,5075,1814
8373,2129,6073
8375,8,323
8377,11,582
8378,533,1
8379,0,175
8383,102,1504
8385,165,268
8386,58,160
8387,27,652
8388,11172,8281
8389,3,321
8391,287,221
8392,134,0
8394,10616,8548
8395,3400,1990
8396,214,719
8397,299,2766
8399,1559,547
8401,9739,5288
8403,118,2849
8404,678,2355
8405,4530,2523
8406,112,185
8407,785,277
8409,2,292
8410,77,281
8411,486,1869
8412,10,657
8413,5125,6302
8418,8,281
8420,3881,775
8423,394,1449
8426,4557,1495
8427,6527,12006
8428,2591,4744
8430,111,376
8431,772,0
8432,2634,3507
8434,478,1014
8435,184,737
8436,168,52
8437,0,430
8438,4012,2833
8439,672,1450
8440,1200,232
8442,61,128
8443,5,180
8444,1265,6011
8446,1050,940
8447,11276,3781
8448,1210,2693
8449,186,1081
8450,52,173
8451,3677,3172
8452,1028,1377
8453,1424,922
8454,603,2360
8455,11619,7139
8456,290,588
8457,260,12
8458,29,350
8463,327,2253
8467,858,2910
8468,12569,3953
8469,2311,3504
8471,639,3842
8473,10632,1614
8474,2788,2685
8475,385,1211
8476,3994,7552
8477,2560,4172
8479,519,485
8480,193,197
8481,375,1249
8482,54,193
8483,493,1306
8486,1778,3691
8488,5130,2435
8491,902,3828
8492,113,13
8493,455,1198
8494,1733,1433
8495,1150,5382
8498,0,236
8499,1197,2137
8500,1010,91
8503,592,1981
8504,1022,1055
8505,125,261
8507,26,4298
8509,142,885
8511,214,4220
8512,5338,2552
8513,195,469
8516,432,1573
8517,2639,2897
8520,0,348
8521,1242,370
8550,106,17
8574,0,139
8576,114,2
8618,49,228
8620,1,107
8656,20,107
8685,116,5
8699,1646,1450
8716,49,252
8750,46,100
8757,11,109
8768,76,488
8770,83,158
8840,157,3
8841,115,11
8842,22,109
8848,121,209
8849,217,131
8850,228,527
8852,769,177
8855,80,117
8856,59,258
8858,142,161
8860,118,59
8861,10,158
8990,152,188
9001,20,121
9044,106,15
9091,21,129
9152,112,70
9154,144,62
9169,320,128
9170,46,285
9209,3,102
9225,689,1542
9231,4,401
9238,105,199
9241,152,91
9261,108,42
9273,355,261
9278,13,239
9327,343,63
9359,53,156
9361,137,66
9362,119,67
9385,164,74
9392,5,255
9440,1235,1439
9446,85,116
9447,573,350
9456,511,6832
9479,119,21
9494,576,576
9500,117,205
9507,21,235
9550,63,325
9565,5,206
9569,141,2332
9594,113,108
9603,8851,8832
9615,607,213
9624,318,38
9637,144,41
9642,4136,797
9649,48,214
9652,458,146
9655,229,530
9657,0,125
9672,21,341
9680,27,105
9687,521,342
9689,196,77
9692,358,69
9696,249,276
9698,428,105
9714,393,76
9720,18,116
9742,427,224
9753,162,47
9758,435,173
9761,737,287
9774,884,390
9777,302,58
9779,3,100
9803,231,201
9806,204,207
9811,144,47
9812,1381,139
9826,59,113
9852,85,323
9856,168,59
9858,105,152
9861,505,272
9864,68,570
9878,231,681
9893,0,194
9915,190,196
9916,76,267
9927,75,114
9930,0,436
9936,442,340
9958,80,113
9959,208,139
9963,459,171
9969,629,485
9977,4,201
9985,77,157
9995,237,61
10005,22,178
10013,123,27
10019,286,114
10020,3096,1265
10041,26,118
10045,178,121
10071,0,124
10075,64,12499
10078,1352,3469
10079,8334,8772
10092,55,108
10100,260,130
10103,402,169
10110,2,190
10114,103,119
10123,959,389
10132,180,422
10133,354,53
10134,6,162
10152,3,180
10181,624,14
10182,40,410
10195,166,9
10199,132,246
10241,541,22
10300,108,55
10310,96,121
10328,17,102
10330,78,169
10345,26,182
10371,137,33
10394,1514,298
10426,28,105
10427,92,498
10428,7,418
10470,123,172
10490,237,34
10564,133,302
10575,170,24
10578,63,189
10604,6,173
10608,47,201
10610,33,109
10652,135,301
10661,56,116
10669,722,350
10670,2626,2166
10672,182,5319
10673,154,121
10684,5281,581
10693,17,129
10732,264,0
10747,102,200
10749,107,279
10750,184,792
10779,174,194
10782,370,241
10789,267,246
10795,64,203
10800,485,312
10806,115,78
10808,110,73
10809,50,120
10829,9,109
10860,315,749
10861,903,682
10867,5426,472
10881,4,109
10887,884,429
10896,0,145
10902,91,139
10906,11,768
10908,2304,234
10909,0,104
10920,24,112
10925,21,104
10943,222,108
10952,184,184
10953,444,208
10966,282,176
10967,6,223
10968,182,100
10986,1,101
10987,0,183
11016,5244,684
11017,14,729
11025,2497,10660
11026,1,363
11027,126,123
11046,337,287
11047,2821,2200
11060,183,252
11068,22,153
11098,2162,424
11107,77,150
11115,1991,237
11118,3376,1131
11119,1809,5447
11120,41,168
11121,83,156
11125,149,113
11133,233,138
11134,172,71
11142,97,272
11148,36,5044
11153,0,122
11156,445,200
11157,1732,1073
11158,360,161
11168,1618,625
11173,40,174
11181,180,258
11208,723,30
11265,0,3378
11277,221,20
11299,968,682
11320,144,226
11331,62,340
11332,234,108
11333,56,100
11334,8,185
11336,54,166
11337,16,272
11338,8,131
11340,170,168
11347,73,415
11356,115,184
11357,72,312
11360,108,120
11362,184,218
11377,42,156
11388,24,122
11403,782,99
11416,118,74
11425,148,0
11433,331,163
11436,0,154
11438,114,0
11482,69,310
11493,106,3
11531,0,242
11608,112,96
11613,116,0
11623,270,35
11625,209,91
11656,15,102
11657,738,329
11662,130,2
11695,1031,2
11696,1,1036
11711,123,40
11718,116,192
11720,132,44
11721,149,84
11747,86,191
11774,0,128
11797,1581,1733
11813,2,199
11817,20,170
11834,139,339
11840,134,0
11853,73,237
11938,60,206
11971,2551,35
11976,889,624
11980,995,10
12012,45,356
12016,366,0
12017,390,46
12039,178,370
12045,177,451
12049,168,248
12050,66,165
12072,126,76
12073,361,310
12084,79,218
12097,1463,368
12116,1565,304
12122,35370,2782
12124,11,150
12136,375,234
12137,931,626
12169,40,107
12207,213,105
12215,78,102
12223,15,207
12226,1186,349
12227,14,103
12233,95,129
12240,697,109
12308,141,8
12309,80,108
12325,21,530
12326,76,342
12331,659,16
12348,109,17
12349,27,161
12439,227,49
12446,199,64
12450,8,100
12452,188,197
12493,288,271
12494,8,182
12498,768,4320
12516,120,50
12517,115,39
12525,81,143
12539,4442,1622
12540,8761,1645
12543,269,257
12595,3,257
12598,3337,197
12645,74,198
12659,446,190
12671,30,114
12765,128,8
12930,324,14
12931,6427,703
12965,100,77
13043,39,274
13097,30,154
13111,262,99
13130,18,138
13135,104,57
13153,0,745
13256,403,232
13267,12,156
13282,75,102
13301,21,210
13305,1231,365
13336,1582,344
13337,97,226
13343,713,385
13357,28,124
13358,175,620
13393,140,101
13501,102,210
13516,193,122
13533,717,367
13544,78,318
13555,69,111
13561,895,38
13568,4,658
13597,153,0
13623,32,365
13637,1,522
13645,130,0
13648,186,16
13659,15,167
13672,107,49
13677,26,216
13684,166,8
13718,263,0
13770,11,187
13838,16,240
13855,441,288
13857,535,24
13862,112,236
13868,17,231
13950,109,143
13988,0,292
14003,1276,163
14014,2751,835
14016,373,528
14019,314,424
14020,211,220
14022,302,422
14024,51,155
14025,72,124
14031,68,241
14036,330,120
14042,30,103
14054,154,76
14055,0,354
14056,20,295
14067,360,0
14077,238,79
14080,75,223
14096,0,100
14101,57,405
14103,140,0
14181,105,120
14187,0,132
14190,7,104
14199,378,99
14215,160,115
14242,139,166
14374,4,116
14407,852,913
14408,100,90
14414,77,149
14421,121,383
14455,0,105
14477,133,46
14481,41,154
14505,144,87
14533,28,121
14565,198,0
14582,134,145
14602,81,137
14603,106,132
14615,0,415
14643,20,118
14683,200,17
14693,123,102
14760,232,330
14814,160,32
14839,356,382
14840,942,1412
14878,2791,175
14914,161,303
14942,355,266
14943,136,6
15199,124,84
15214,67,203
15223,4327,2249
15276,346,73
15278,0,1132
15310,723,110
15343,291,30
15360,232,20
15370,155,202
15371,327,70
15375,31,104
15387,167,49
15389,206,237
15393,595,336
15408,0,268
15415,102,83
15444,280,151
15451,140,377
15459,222,79
15465,110,78
15480,103,257
15481,127,95
15483,60,140
15484,253,179
15488,0,103
15489,27,101
15495,96,116
15498,243,189
15499,113,59
15506,192,133
15508,89,194
15513,223,108
15514,19,239
15516,324,388
15519,18,256
15525,5,115
15529,645,1022
15543,0,130
15557,111,117
15590,52,102
15603,1664,121
15628,113,168
15652,280,447
15667,10,120
15679,259,8
15755,1453,181
15758,38,3700
15760,13,116
15780,9,120
15829,272,2
15840,10,104
15844,13696,1368
15845,45969,12221
15848,125,133
15858,18,107
15877,80,125
15881,140,77
15924,267,110
15985,656,891
15986,240,182
15989,2049,594
15996,25,194
15997,42,128
15998,264,55
15999,88,254
16000,837,882
16082,119,247
16122,155,142
16132,663,205
16138,275,142
16182,474,340
16183,36,163
16211,102,130
16232,473,277
16234,44,201
16236,781,388
16237,336,124
16239,16,285
16244,230,296
16245,833,782
16246,138,137
16266,99,12328
16292,1837,0
16304,952,741
16305,392,319
16319,42,108
16320,1507,76
16341,4,370
16355,78,1166
16451,5,146
16483,446,39
16501,186,123
16503,6,161
16528,865,4320
16579,78,193
16587,519,448
16590,48,239
16594,463,983
16609,15682,4466
16614,6575,380
16626,205,314
16634,56,107
16645,473,124
16646,321,106
16648,224,434
16650,191,41
16655,649,181
16657,392,202
16659,978,408
16660,1086,525
16662,475,259
16663,172,123
16693,207,14
16733,20,133
16742,23,280
16757,100,81
16795,50,191
16872,151,2
16874,131,120
16875,275,198
16884,387,380
16885,297,221
16886,42,181
16903,26,200
16916,38,107
16924,127,341
16925,3120,3644
16926,86,103
16936,122,63
16942,18,100
16943,39,184
16944,165,130
16947,1258,150
16948,128,75
16950,96,130
16957,122,99
16961,116,91
16969,55,164
16970,3,111
16980,334,197
16981,2647,1467
16983,582,225
16984,4915,2618
16985,142,652
16989,299,589
16991,185,45
16995,1084,236
16996,8752,3051
17000,36,476
17003,151,9
17043,15,455
17133,80,362
17141,103,411
17142,63,247
17145,48,353
17152,567,800
17158,2,131
17161,109,1085
17173,0,126
17189,625,221
17190,2450,1450
17192,611,146
17196,0,261
17204,16,110
17210,32,110
17211,222,305
17215,17,264
17222,150,110
17224,10,130
17240,111,39
17242,562,187
17243,1125,227
17244,438,261
17246,142,200
17277,192,239
17280,1,330
17283,36,182
17286,250,964
17289,146,19
17309,163,42
17311,525,352
17312,0,103
17320,355,495
17325,9,145
17326,9,141
17329,123,6
17334,911,778
17336,64,476
17346,0,132
17353,212,8
17386,104,169
17399,180,219
17400,228,129
17419,240,127
17421,0,112
17439,531,401
17440,268,674
17444,165,33
17456,117,119
17459,293,72
17461,604,36
17462,117,183
17480,4,102
17487,115,29
17499,721,346
17502,110,29
17507,633,1695
17513,171,442
17521,0,149
17546,69,108
17584,58,313
17585,45,122
17593,281,7
17596,325,401
17616,97,161
17622,405,21
17623,146,410
17631,307,963
17641,124,116
17687,24,103
17713,518,239
17714,6023,1302
17725,382,1272
17768,824,144
17786,375,239
17791,7,112
17796,72,108
17797,7716,271
17802,117,47
17804,40,183
17805,1727,4152
17814,221,288
17815,1576,1515
17818,138,760
17824,0,269
17837,117,92
17892,0,116
17945,8,179
17953,145,273
17968,1860,4
17975,28,108
17983,169,126
17984,385,97
18007,0,207
18055,139,212
18061,1095,1217
18068,2685,589
18069,14,230
18089,265,40
18099,641,551
18101,124,266
18102,0,121
18150,37,242
18167,0,106
18187,105,46
18302,63,431
18308,0,207
18351,117,141
18364,25,303
18368,135,222
18383,700,194
18384,13,125
18399,0,117
18401,622,228
18413,1369,3956
18422,357,123
18425,200,188
18486,0,101
18518,382,86
18550,92,100
18566,6273,2180
18576,119,193
18591,226,164
18594,470,49
18615,12349,1322
18625,130,6
18626,128,24
18666,7,158
18684,13,112
18690,1126,105
18699,3469,2861
18700,188,107
18702,23,4604
18726,4277,297
18728,759,440
18729,113,84
18739,164,121
18756,10,107
18761,26,104
18764,203,3
18765,597,185
18790,361,642
18794,501,286
18806,104,39
18811,90,128
18819,276,429
18820,5208,1413
18823,143,78
18833,12,6719
18852,312,292
18863,18,122
18867,2836,38
18874,99,136
19014,135,55
19018,2058,170
19019,0,872
19029,193,23
19052,113,25
19104,1120,24
19131,57,1685
19206,1108,360
19212,21,179
19213,98,662
19232,1852,1432
19247,6662,1372
19250,1890,1605
19254,0,349
19259,36,478
19277,248,343
19279,28,292
19280,1416,805
19281,124,694
19283,346,597
19289,1367,387
19295,2968,334
19296,316,224
19299,386,793
19301,957,595
19313,0,193
19319,84,129
19329,479,711
19332,47,143
19333,0,146
19341,1063,452
19345,2380,280
19352,288,333
19354,1381,242
19358,113,120
19359,259,218
19360,57,339
19388,52,383
19390,101,210
19391,0,333
19392,300,6
19393,306,280
19399,258,168
19403,1054,998
19404,1654,1928
19408,45,123
19409,145,443
19412,0,173
19428,253,210
19432,156,246
19439,161,618
19454,13,137
19461,146,313
19475,198,280
19483,0,350
19491,317,247
19492,163,87
19516,1381,359
19518,32,108
19521,285,1378
19527,10,178
19528,185,168
19529,43,288
19532,32,153
19533,0,116
19544,108,170
19547,12,425
19548,108,282
19558,116,247
19603,289,175
19608,6132,722
19609,30,120
19624,0,125
19640,0,213
19647,295,191
19648,97,107
19649,2768,1534
19650,334,514
19653,140,479
19669,144,31
19688,681,157
19691,1551,821
19695,963,325
19698,293,242
19703,120,295
19705,516,474
19711,183,336
19719,44,127
19720,40,134
19722,173,260
19723,142,522
19724,3415,717
19726,726,644
19727,174,503
19736,5122,744
19737,1522,6
19739,171,369
19740,24,158
19766,4008,255
19779,7,245
19782,0,110
19787,104,35
19788,27,299
19789,53,162
19790,16,155
19795,24,415
19796,113,0
19799,26,114
19800,30,544
19803,841,553
19804,1064,134
19805,37,137
19823,84,225
19829,653,461
19835,216,0
19843,237,3618
19844,30,136
19845,79,135
19852,336,886
19861,38,123
19869,34,294
19871,149,2
19874,2,123
19881,29,122
19884,33,148
19898,2,316
19902,39,178
19932,29,137
19933,30,133
19936,147,215
19940,63,294
19960,2207,117
19967,181,216
19975,26,324
19976,29,132
19980,78,154
19982,162,379
19983,529,771
20004,30,267
20022,188,28
20037,113,320
20039,18,114
20049,24,147
20056,105,74
20080,0,353
20098,188,103
20116,66,151
20142,109,552
20148,134,28
20163,244,255
20205,678,780
20206,64,202
20210,0,132
20211,150,54
20215,35,110
20230,34,143
20234,107,0
20235,136,410
20249,16,114
20252,147,330
20303,180,305
20304,166,356
20309,101,57
20363,156,0
20365,90,409
20366,106,458
20386,126,191
20389,0,323
20413,264,54
20421,40,283
20429,0,105
20432,81,174
20441,21,178
20454,21,144
20459,30,340
20465,201,0
20478,81,446
20480,20,441
20500,0,115
20506,829,172
20535,113,190
20559,30,352
20599,8,186
20617,38,425
20619,2735,0
20620,66,115
20627,123,0
20645,87,365
20650,4,278
20657,153,0
20667,0,131
20669,126,6
20678,146,244
20699,114,165
20700,100,32
20701,148,139
20714,28,495
20727,271,56
20767,63,156
20772,5,108
20790,0,247
20794,0,307
20809,0,181
20816,0,142
20839,37,256
20846,139,46
20850,34,321
20874,126,83
20883,0,132
20890,0,128
20919,0,118
20923,21,230
20956,90,664
20960,1,105
20976,0,195
20979,16,118
20987,0,146
21007,1,270
21013,0,103
21019,0,149
21038,54,209
21049,191,355
21057,184,125
21068,113,25
21072,105,39
21103,233,24
21120,19,190
21131,0,109
21150,12,257
21214,96,121
21220,504,206
21230,238,157
21233,0,217
21239,50,169
21247,341,188
21277,69,115
21307,0,167
21310,12,156
21318,153,80
21325,1,122
21332,9,169
21346,0,253
21358,17,177
21379,19,214
21388,89,261
21398,123,0
21415,10,170
21424,111,13
21429,0,121
21433,310,135
21447,117,2298
21455,0,208
21470,24,152
21479,11,106
21504,103,226
21525,2,210
21528,3,155
21534,19,179
21535,43,154
21537,0,188
21569,103,148
21572,0,134
21575,3,132
21599,0,105
21674,0,214
21697,222,171
21705,730,772
21726,891,394
21734,74,170
21743,46,2520
21750,5,230
21769,2,119
21777,0,135
21804,110,0
21815,0,347
21821,5241,2703
21853,2,119
21854,70,228
21861,0,150
21865,0,153
21883,0,113
21889,27,269
21895,0,175
21907,230,152
21916,1,131
21934,27,138
21951,1,122
21964,0,106
21965,105,1
21999,23,634
22000,14474,90
22006,141,0
22035,8,212
22043,189,102
22050,0,123
22104,4,229
22120,1,140
22157,111,142
22161,117,40
22167,0,121
22183,231,51
22187,113,0
22188,18,126
22191,13972,829
22192,324,470
22193,124,135
22196,4,233
22200,17,147
22202,0,110
22219,0,302
22235,0,206
22248,132,12
22282,202,120
22283,40,111
22331,0,282
22333,105,12
22341,110,316
22343,3,101
22354,0,149
22366,24,232
22388,15,135
22392,13,185
22399,9,150
22404,251,82
22422,100,109
22423,405,270
22427,10,129
22444,260,521
22448,0,144
22449,0,112
22453,1,116
22457,116,22
22463,8,171
22495,0,160
22526,341,243
22527,262,118
22538,6,204
22574,0,130
22582,2,195
22589,0,162
22590,215,397
22625,0,199
22632,119,63
22657,150,240
22660,153,17
22668,10,106
22671,115,95
22673,15,108
22685,4,133
22689,12,127
22709,318,246
22713,4,161
22717,0,109
22730,6,124
22776,110,63
22779,8,128
22805,0,215
22807,0,169
22839,50,132
22851,0,183
22862,2,123
22927,526,263
22935,663,276
22940,77,258
22946,164,64
22951,3,106
22987,69,200
23003,5748,160
23008,98,163
23022,13,114
23024,978,847
23025,125,29
23031,35,106
23064,308,410
23070,215,62
23080,853,0
23085,1645,284
23090,0,178
23093,20,112
23153,356,927
23190,165,83
23230,134,88
23231,751,133
23258,2301,508
23262,125,126
23286,28,102
23288,369,244
23289,330,1105
23318,230,11
23319,362,507
23333,103,26
23337,226,238
23355,692,353
23356,174,170
23357,1774,1596
23388,275,334
23389,78,143
23393,82,169
23429,235,87
23479,73,352
23485,130,27
23514,25,277
23548,0,115
23581,124,78
23590,2,233
23631,180,126
23635,688,1458
23636,7341,2837
23637,234,13
23643,757,278
23646,430,1015
23651,89,161
23658,197,145
23659,424,460
23661,274,108
23662,221,113
23664,401,56
23704,5,134
23729,27,163
23737,102,18
23765,30,103
23808,52,106
23839,6,165
23870,104,139
23883,28,162
23889,84,172
23895,679,64
23899,7,232
23904,189,44
23917,4319,621
23970,54,243
23977,280,429
23980,904,540
23986,1,186
24003,110,216
24005,71,241
24045,113,20
24064,113,90
24146,184,209
24164,373,78
24178,2853,2386
24198,2292,9945
24265,157,415
24367,128,171
24369,660,506
24378,31,371
24389,824,856
24401,88,156
24404,0,140
24439,4,160
24457,109,6
24488,14,176
24620,260,105
24636,417,714
24838,95,186
24840,934,300
24866,152,88
24873,413,65
24879,24,107
24891,61,150
24901,175,44
24925,409,436
24926,2,131
24937,14,101
25113,2007,8
25153,5,162
25155,633,614
25183,236,60
25267,33,139
25276,76,101
25314,351,124
25315,168,30
25320,10,468
25368,87,118
25400,39,143
25403,10,109
25406,103,253
25430,44,139
25441,8,122
25457,2,112
25459,106,106
25468,60,122
25470,77,132
25484,122,192
25490,20,128
25493,0,162
25498,8,107
25499,136,169
25519,36,192
25520,0,144
25523,82,154
25525,2,211
25531,36,1104
25535,356,407
25544,297,726
25560,241,332
25561,1332,1616
25563,394,282
25567,170,52
25595,194,87
25622,2256,1754
25623,17,953
25624,157,55
25640,124,13
25651,199,121
25652,935,491
25697,184,67
25700,647,2077
25703,151,164
25704,3,127
25723,180,13
25790,97,166
25864,43,123
25902,960,97
25903,0,418
25939,308,298
25948,6,104
25953,330,163
25957,467,5
25966,177,5
25969,178,9
26021,1942,154
26048,0,139
26099,95,132
26108,177,80
26116,2996,629
26117,2080,470
26169,113,0
26190,938,6428
26191,1861,4137
26198,133,136
26207,432,818
26219,6,184
26299,99,156
26326,126,23
26336,106,31
26364,4,152
26421,1120,119
26432,85,438
26433,30,186
26512,75,118
26537,38,137
26561,6003,2025
26581,161,31
26604,372,56
26728,148,98
26735,0,115
26736,161,99
26755,110,63
26777,421,336
26778,3047,2463
26779,1087,892
26804,124,217
26826,374,12
26832,198,205
26919,3,103
26939,72,123
26957,146,70
27010,131,223
27040,136,93
27070,166,30
27090,392,218
27218,1733,153
27275,2487,888
27282,2024,6045
27284,351,75
27291,6717,7785
27292,1341,252
27294,0,139
27295,7262,5951
27296,1422,0
27298,822,0
27299,822,0
27300,1350,511
27301,27,138
27302,77,212
27303,38,736
27307,108,65
27308,573,96
27310,0,227
27312,3457,294
27317,229,315
27319,54,469
27326,1251,7019
27327,617,0
27328,796,243
27329,623,0
27330,693,0
27333,155,0
27337,5242,1745
27340,104,0
27342,169,0
27343,169,0
27345,44,385
27346,347,0
27347,985,1
27349,1249,764
27350,2470,386
27351,1122,0
27352,1110,1537
27353,500,0
27356,2617,0
27360,9,434
27361,110,13813
27362,67,221
27364,1290,0
27367,1183,149
27368,1058,402
27371,580,346
27373,1396,50
27374,372,258
27375,158,0
27376,98,317
27377,102,3447
27378,1889,18
27379,780,0
27380,780,0
27385,929,5669
27387,173,0
27388,264,105
27389,1101,0
27390,1104,0
27391,1102,0
27392,3996,287
27394,168,1089
27395,822,286
27396,1810,1516
27397,1117,114
27399,726,64
27400,335,54
27401,705,73
27402,731,0
27403,803,0
27404,741,990
27405,831,0
27406,819,0
27407,110,0
27408,803,0
27410,110,0
27411,105,305
27412,0,159
27413,291,0
27414,291,168
27415,2,520
27417,0,180
27418,320,0
27419,132,0
27420,120,0
27421,137,274
27422,201,241
27423,580,919
27424,361,589
27425,137,57
27427,165,0
27428,165,0
27431,76,108
27433,148,194
27434,657,0
27435,221,0
27436,86,374
27437,85,267
27438,87,7840
27439,834,0
27440,3144,0
27441,1560,0
27442,1583,4374
27443,2995,74
27444,2307,0
27445,1530,0
27446,1541,12
27447,792,0
27451,60,523
27459,2474,4619
27460,107,0
27462,46,144
27465,183,251
27467,28313,1532
27480,30,106
27482,297,8
27484,72,407
27486,782,0
27489,843,152
27491,687,0
27492,712,83
27495,819,486
27497,0,110
27499,588,0
27500,7976,20755
27505,911,950
27506,65,1434
27507,782,0
27511,34,420
27520,0,885
27521,690,20
27522,201,51
27525,8,405
27527,55,209
27530,81,2665
27531,0,370
27538,528,0
27539,528,0
27540,618,130
27541,7890,10899
27543,612,0
27545,364,0
27549,5,461
27552,0,371
27560,306,378
27561,1701,937
27562,1356,2010
27564,0,163
27607,33,220
27723,178,271
27726,112,84
27727,199,157
27742,9,327
27743,4008,576
27744,24,239
27753,0,173
27755,120,13
27757,260,128
27758,66,109
27762,190,183
27764,303,608
27777,19,107
27782,132,186
27784,117,200
27802,101,0
27824,164,50
27894,6445,11010
27938,149,283
27958,136,133
27959,398,96
27983,305,67
27992,2,110
28023,534,235
28059,223,225
28069,0,104
28079,83,208
28093,59,238
28094,32,261
28100,421,757
28101,673,518
28102,1092,405
28104,305,123
28105,244,268
28134,15,142
28146,287,101
28156,137,57
28161,1934,717
28162,820,203
28255,153,83
28279,28,143
28282,90,915
28325,9379,4223
28350,111,42
28386,109,200
28390,227,13
28442,1168,993
28443,695,476
28516,32,246
28527,14,137
28549,43,113
28662,38,1448
28693,17,240
28708,75,123
28722,23,108
28723,47,473
28740,714,454
28757,141,45
28833,0,216
28836,105,0
28855,733,916
28856,630,471
28910,136,191
28950,61,123
28960,28,2260
28981,7,552
29001,108,71
29057,648,1841
29063,30,127
29064,385,1256
29067,162,218
29070,228,11
29088,0,131
29108,2053,13691
29118,1251,26
29127,431,101
29128,151,55
29160,115,29
29175,273,5895
29199,46,122
29228,0,116
29244,27,363
29248,478,419
29263,57,104
29264,26,139
29281,0,926
29293,762,17
29320,186,580
29353,108,36
29393,1311,279
29416,15631,4370
29429,55,165
29431,212,81
29439,139,189
29492,13,295
29585,9,203
29594,0,2009
29617,450,233
29636,732,2158
29641,436,1479
29646,217,138
29662,1902,1833
29678,28132,8714
29679,12,184
29695,210,158
29701,66931,6265
29703,1344,982
29706,48,218
29730,130,229
29731,425,1054
29736,508,61
29746,26,327
29760,321,229
29761,2240,1400
29767,9364,3916
29768,1463,734
29769,135,94
29778,66,166
29779,11,349
29781,1600,1188
29803,56,227
29859,78,130
29969,8,1706
29986,11,643
30037,423,113
30043,961,351
30046,154,72
30047,1418,326
30050,57,100
30074,1915,559
30075,177,447
30083,173,326
30084,321,32
30086,695,665
30111,751,478
30112,1173,2975
30119,247,1404
30120,22,174
30126,0,325
30167,136,505
30206,24,160
30217,184,164
30220,1514,106
30281,257,236
30300,24,138
30405,102,36
30456,5,192
30465,181,66
30484,20,728
30493,117,181
30495,46,104
30499,48,104
30528,1144,243
30531,162,164
30540,4,331
30561,119,65
30584,3,244
30587,41,191
30591,6,106
30610,272,57
30656,73,1423
30666,39,153
30681,2133,1194
30684,2674,508
30693,506,177
30694,294,396
30695,212,426
30696,189,0
30697,149,346
30705,162,63
30718,925,909
30742,181,85
30745,110,15
30746,15,110
30748,279,233
30763,69,468
30821,811,609
30846,84,291
30847,112,352
30864,360,186
30865,56,154
30936,152,6
30992,70,113
30994,347,172
31008,28,110
31022,1081,296
31023,250,326
31025,129,104
31035,459,26
31059,196,144
31060,182,464
31064,76,121
31091,6611,12
31098,2070,281
31123,108,348
31125,244,708
31131,105,39
31145,757,470
31162,0,104
31174,254,139
31175,2349,1114
31178,104,904
31179,8,354
31200,139,207
31205,0,159
31210,1132,887
31234,452,706
31269,170,92
31271,827,662
31344,18,176
31377,100,40
31401,629,609
31434,122,662
31435,101,131
31448,181,86
31449,286,181
31450,145,73
31452,893,173
31464,39,143
31467,592,58
31468,29,109
31474,53,125
31477,532,123
31482,325,153
31491,47,100
31527,51,163
31540,28,162
31554,684,1727
31577,157,43
31610,1517,248
31644,3,100
31662,2403,1621
31677,162,53
31698,91,176
31713,263,273
31738,231,74
31751,148,75
31752,75,121
31762,149,125
31770,8,215
31801,0,761
31892,132,164
31936,154,171
31956,232,55
31957,116,16
32025,49,1088
32028,1563,161
32029,0,160
32039,42,150
32057,4,126
32262,213,308
32265,568,433
32266,1186,512
32267,882,326
32268,196,437
32270,1207,112
32273,629,704
32275,426,689
32277,128,56
32279,65,314
32284,715,441
32288,297,386
32289,372,233
32290,385,276
32291,230,499
32292,736,374
32293,374,1496
32294,1194,463
32295,1952,303
32296,292,451
32298,91,113
32299,8,134
32300,218,272
32303,70,245
32305,727,93
32308,319,206
32309,118,184
32311,50,175
32321,10,109
32326,129,303
32329,143,280
32341,17,158
32345,504,196
32347,31,243
32350,46,233
32354,467,307
32355,7,214
32361,221,370
32365,93,525
32366,103,686
32368,72,148
32369,902,99
32371,156,312
32372,14,100
32373,66,261
32375,54,189
32381,176,137
32382,972,614
32383,74,209
32384,214,129
32385,39,116
32392,527,276
32397,0,126
32398,219,206
32400,1059,385
32406,14,141
32411,53,347
32412,513,212
32421,93,249
32422,78,274
32426,0,217
32428,45,115
32433,75,289
32436,154,187
32438,139,307
32452,117,65
32464,176,133
32465,13,127
32467,412,186
32487,370,272
32490,32,275
32493,125,102
32498,89,126
32506,252,82
32512,517,280
32521,40,185
32522,36,370
32523,78,321
32531,197,0
32543,20,174
32545,128,131
32548,28,112
32606,8,107
32630,136,157
32685,582,131
32686,195,179
32757,258,155
32785,107,81
32796,998,0
32803,188,161
32818,222,54
32825,112,41
32834,117,116
32836,124,90
32849,1,3797
32852,18,132
32853,167,107
32856,36,278
32861,136,29
32862,91,111
32870,38687,8240
32883,89,151
32974,169,34
32980,141,121
33036,48,144
33050,47505,10333
33058,757,2904
33059,597,1245
33090,180,24
33129,32,238
33162,418,115
33189,753,430
33198,1544,498
33252,247,131
33311,12,160
33348,108,69
33426,139,116
33440,320,39
33442,49,125
33454,45,101
33649,57,114
33650,111,494
33654,141,114
33659,3,1447
33665,78,128
33710,0,109
33741,109,146
33753,94,118
33769,44,110
33861,179,153
33900,51,154
33901,0,107
33902,110,16
33903,189,250
33978,49,224
33980,26,116
33981,135,33
33993,3,120
33995,117,70
34010,21,115
34084,526,759
34117,370,96
34182,167,43
34232,72,111
34279,384,178
34288,78,174
34337,22,143
34375,161,4
34436,147,93
34464,264,73
34475,389,125
34485,212,275
34555,35,143
34556,56,126
34615,359,211
34680,88,129
34681,429,482
34721,17,179
34728,139,141
34756,21,130
34774,0,185
34783,7,160
34785,16,232
34841,145,166
34934,15,167
34939,8,189
34992,100,54
35000,0,116
35001,38,125
35030,20,115
35060,47,266
35065,106,48
35067,120,159
35072,6,120
35078,4,135
35104,107,9
35106,100,19
35109,193,68
35114,373,6
35115,116,333
35116,115,193
35119,24,127
35128,238,11
35203,2108,559
35204,6549,6769
35208,183,101
35227,25,120
35290,312,32
35295,690,17
35346,2091,6542
35347,1622,4328
35376,18,198
35393,60,178
35429,135,21
35542,192,44
35557,571,402
35561,6,112
35569,3076,1786
35571,16390,13085
35610,450,339
35620,22,141
35751,108,29
35762,180,209
35775,114,2
35808,54,122
35888,80,266
35893,10,100
35913,1332,712
35914,54,160
35925,21,123
35930,118,44
35931,81,600
35932,1401,4723
35936,21875,10767
35937,81,351
35938,44220,9424
35939,18745,12698
35940,6708,7403
35941,6881,10158
35943,7883,7244
35946,10747,9633
35949,43759,8764
35952,8,281
35953,896,4814
35960,3544,1736
35962,21247,13308
35964,2239,5801
35969,111415,5006
35970,2180,8632
35971,1458,11962
35978,1,107
35982,19,617
35983,4521,15509
35990,16042,8725
35997,22639,10464
35999,499,10074
36009,1767,8553
36037,2061,8870
36039,29,263
36040,1841,2050
36043,4648,932
36046,2130,10531
36051,500,6302
36056,51,1551
36060,2437,9300
36064,49,590
36067,365,9241
36068,162,0
36070,2381,9236
36072,273,2813
36073,226,8443
36075,1370,4328
36076,1013,4489
36077,4096,1819
36078,4260,7686
36085,49,105
36086,838,1557
36102,24,4862
36104,1470,8667
36106,16,119
36107,1218,0
36108,1023,1589
36109,1161,8917
36110,651,7514
36111,8654,12175
36115,850,7924
36119,3716,6553
36120,2300,0
36121,1236,6059
36123,2604,9123
36126,1466,15819
36128,0,171
36129,1482,0
36133,517,0
36134,496,4060
36152,604,15322
36153,2476,6896
36154,19,9192
36156,228,7386
36158,3284,2537
36161,368,446
36162,503,0
36167,449,9655
36170,141,8502
36172,630,5043
36177,272,2526
36178,1342,9470
36181,0,157
36182,1657,99
36184,11,838
36189,0,171
36192,328,2603
36193,918,3740
36194,109,9075
36195,391,4172
36198,1357,78
36203,491,1270
36204,336,9335
36212,0,131
36217,0,127
36222,0,151
36231,2170,0
36233,164,0
36234,447,4506
36238,916,2393
36239,1978,7851
36242,0,531
36245,60,140
36247,251,6364
36248,0,328
36253,960,5035
36255,454,0
36257,4683,11899
36258,21,1882
36259,0,154
36262,216,0
36263,208,2991
36266,0,140
36273,850,2715
36274,3706,3232
36277,949,9349
36278,3149,3448
36284,0,1026
36285,120,365
36298,48,308
36299,0,127
36300,192,1905
36302,364,6
36305,1602,0
36308,730,0
36309,19253,856
36313,118,0
36314,234,66
36316,833,27
36318,353,3734
36320,240,676
36323,378,4159
36324,683,2258
36327,0,341
36337,5604,5111
36343,363,0
36346,20,126
36347,2622,2364
36353,678,0
36362,570,9
36366,127,211
36370,290,3027
36372,2448,1729
36373,24,320
36375,520,0
36377,109,0
36379,228,0
36383,254,0
36384,506,44
36386,29,725
36397,20,3340
36398,1914,650
36400,535,22
36401,29581,583
36402,1932,5489
36403,564,3930
36405,710,0
36407,722,0
36410,62,5583
36411,227,3311
36412,284,5472
36416,532,2512
36418,788,3029
36420,1144,4557
36422,368,3351
36423,494,0
36428,3,128
36431,446,168
36440,69,2014
36442,0,162
36445,252,2112
36451,154,1495
36499,330,96
36501,6626,480
36514,415,280
36516,606,1066
36518,1252,1020
36520,150,117
36556,72,202
36558,472,204
36560,193,138
36565,16,222
36587,32,158
36592,18,108
36597,110,99
36603,198,55
36613,28,139
36660,435,182
36661,83,331
36662,366,311
36663,209,129
36675,301,231
36678,84,119
36689,229,122
36714,183,133
36715,217,81
36765,124,346
36877,1445,8
36883,42,238
36927,1182,1002
36929,380,235
36944,0,109
36985,556,984
37000,58,161
37049,232,35
37080,134,250
37092,195,175
37122,97,102
37285,440,689
37332,11,128
37359,1047,515
37363,128,75
37371,100,57
37374,30,200
37386,41,107
37389,31,119
37393,235,284
37398,247,130
37399,133,233
37403,136,36
37405,487,1968
37412,59,103
37437,827,1222
37439,2985,6594
37480,4287,364
37517,300,0
37520,0,138
37533,408,435
37536,272,36
37542,7,480
37543,0,249
37749,107,32
37825,74,114
37829,2,109
37832,103,76
37878,124,5
37933,0,157
37948,222,370
37953,54,139
37954,90,123
37957,101,84
37962,108,78
37992,70,343
38020,210,2482
38031,44,308
38041,11,104
38070,14610,10029
38078,8833,9682
38096,201,529
38106,2,164
38108,170,3
38126,120,165
38133,27,134
38137,72,150
38153,270,104
38175,0,298
38200,1931,6437
38204,188,325
38225,255,30
38256,2529,1098
38262,120,42
38323,470,6
38334,1274,1227
38335,463,253
38336,1743,1325
38363,102,192
38389,19,127
38395,61,123
38417,1001,230
38419,1028,236
38458,275,264
38460,134,65
38469,161,142
38503,111,13
38504,56,146
38523,19,139
38533,138,69
38534,284,269
38537,306,176
38547,197,378
38551,662,212
38559,14,143
38583,348,52
38590,155,168
38592,12,269
38614,16,152
38619,21,241
38622,0,152
38626,117,197
38641,181,116
38672,3,337
38786,2024,554
38808,0,208
38811,164,84
38822,0,135
38824,24,120
38829,140,29
38847,32,150
38854,183,0
38857,0,139
38866,12,205
38867,89,195
38880,152,13
38886,1513,108
38890,119,32
38915,756,1003
38921,297,40
38930,1120,370
38941,0,183
38967,109,0
38969,72,267
38999,113,1
39003,0,511
39005,190,146
39044,187,126
39048,0,102
39064,2,130
39067,20,141
39073,28,149
39119,0,114
39120,2,148
39123,177,90
39131,3148,1839
39179,0,102
39186,0,142
39195,1,108
39198,21,236
39199,10,104
39200,4,409
39201,6,133
39207,3,112
39214,27,109
39224,120,27
39228,18,170
39239,0,137
39242,72,109
39248,0,117
39256,139,225
39258,28,158
39264,477,303
39284,2693,2068
39288,0,161
39291,0,133
39292,57,185
39314,33,163
39318,72,186
39319,0,120
39321,888,494
39322,0,173
39386,21,166
39387,72,348
39545,158,235
39550,432,77
39572,0,653
39695,293,17
39725,104,91
39745,386,65
39758,14,130
39759,10,141
39789,20,2233
39828,136,73
39862,14,190
39865,97,212
39926,0,233
40009,947,215
40029,546,1565
40039,188,165
40041,71,283
40070,396,180
40095,138,162
40213,176,497
40234,108,0
40251,354,202
40260,84,261
40301,0,143
40326,1148,63
40341,65,203
40580,13,221
40608,115,386
40699,164,250
40764,5391,12233
40778,24,191
40797,181,46
40919,0,177
40937,106,79
40946,313,61
40999,23,381
41000,134,611
41048,67,309
41104,174,186
41192,78,292
41263,129,418
41297,170,135
41393,178,62
41440,66,191
41443,46,105
41611,156,159
41612,1452,1190
41613,48,158
41616,411,882
41620,247,860
41691,1368,667
41710,2392,1136
41750,50,236
41771,114,74
41792,2,165
41801,64,105
41805,2,116
41912,153,265
41914,293,882
41915,281,258
42084,0,102
42204,430,489
42231,106,248
42380,134,312
42412,27,162
42468,158,53
42619,15,105
42704,1102,76
42706,123,26
42712,131,84
42750,581,2000
42773,81,126
42932,97,127
42945,160,168
42956,101,106
42958,103,0
42959,109,6
42962,187,0
42963,6,178
43050,300,48
43115,0,357
43125,2983,1405
43163,428,94
43245,599,857
43246,1299,543
43283,2799,1601
43301,36,164
43311,1739,837
43359,62,242
43360,94,234
43361,293,251
43362,123,199
43363,100,255
43368,58,110
43451,280,120
43474,90,191
43490,157,552
43600,172,105
43649,0,597
43746,319,155
43786,164,288
43796,105,120
43799,164,362
43817,1299,2010
43875,440,635
43915,483,406
43984,8,150
44009,8023,1575
44020,449,155
44033,136,528
44251,180,182
44252,99,125
44253,70,366
44254,810,26
44255,200,49
44265,133,164
44268,416,201
44279,25,152
44289,41,278
44300,60,149
44330,251,37
44337,0,111
44343,44,126
44361,18,161
44458,489,1067
44521,3,130
44538,1358,89
44603,174,390
44675,66,248
44870,771,215
44876,117,1035
44887,97,224
44893,0,152
44932,101,93
44941,158,36
44943,12,140
45063,19,109
45064,2419,504
45065,49,345
45066,1717,775
45070,375,552
45071,471,698
45077,63,135
45089,110,256
45095,379,162
45098,29,404
45102,36,148
45107,0,251
45111,128,1518
45113,6,145
45408,203,169
45423,305,458
45426,252,2053
45436,128,110
45443,67,361
45458,222,24
45506,50,151
45507,21,157
45517,58,597
45530,106,0
45579,33,187
45622,20,5835
45656,247,153
45657,202,46
45658,562,39
45688,146,66
45696,6,254
45703,422,1025
45711,10,100
45762,102,15
45800,471,82
45828,21867,16942
45830,21,358
45834,1715,129
45836,228,474
45839,175,173
45843,617,409
45847,191,127
45849,106,10
45850,86,292
45858,159,765
45859,13,199
45863,35073,10869
45868,6,4657
45870,91,847
45875,34,133
45878,106,72
45879,37,228
45881,723,421
45885,574,388
45888,1253,2185
45892,33,149
45896,20,256
45902,7,148
45910,128,66
45913,0,272
45917,0,132
45919,35,195
45921,57,221
45923,30,224
45928,0,176
45929,124,0
45940,154,0
45946,0,279
45948,0,1229
45955,0,265
45957,129,611
45961,341,253
45963,0,325
45964,0,426
45969,0,308
45970,17879,14127
45974,0,377
45975,97,246
45986,108,264
45988,115,713
45990,0,309
45994,34,187
46001,0,425
46007,18767,2008
46010,5,269
46012,0,755
46016,1241,1543
46017,0,714
46023,242,309
46024,122,23
46026,531,2059
46030,1292,9705
46032,0,325
46038,279,0
46040,186,0
46041,93,3331
46042,4650,15217
46043,279,6138
46058,125,177
46066,236,14
46238,305,170
46243,108,36
46323,120,275
46329,1765,261
46330,1604,1172
46331,404,446
46332,58,267
46333,446,463
46334,216,967
46336,37,142
46337,218,252
46356,1138,0
46365,571,286
46369,254,212
46379,1193,74
46402,0,116
46478,646,380
46513,318,12
46635,11256,1341
46664,137,15
46817,127,239
46927,186,89
46962,15,168
47064,160,46
47103,122,257
47110,189,190
47170,56,157
47365,469,263
47369,41,129
47447,161,790
47478,181,6
47479,50,111
47480,141,454
47542,229,64
47557,396,30
47587,173,161
47633,216,21
47640,111,55
47641,46,262
47642,99,192
47910,18,471
47945,9,117
47977,302,43
48001,10,370
48191,2252,256
48200,484,9
48346,0,213
48377,331,243
48424,244,78
48441,428,81
48470,158,222
48494,59,109
48495,114,534
48509,176,6
48564,94,265
48566,71,115
48572,76,342
48574,118,75
48577,882,170
48580,209,378
48581,35,111
48583,159,390
48588,154,194
48602,29,188
48616,21,103
48678,8,219
48927,314,974
49006,87,129
49016,0,508
49081,15,166
49092,0,2478
49126,135,21
49137,1004,694
49138,755,440
49153,463,223
49154,110,353
49155,463,283
49156,101,396
49159,78,515
49192,423,292
49193,86,165
49194,9,108
49195,586,130
49197,30,108
49223,35,177
49226,398,1
49228,307,153
49235,39,152
49327,30,102
49334,467,212
49337,87,209
49338,220,111
49341,38,113
49342,97,117
49348,137,132
49349,114,185
49350,297,116
49378,163,235
49392,44,1648
49395,15,101
49396,113,15
49399,5378,356
49436,1,106
49463,6,102
49514,879,147
49516,122,1
49720,7,104
49729,183,40
49788,121,20
49816,660,586
49817,105,133
49870,211,111
49886,195,104
49889,175,13
50000,247,118
50014,139,519
50029,1652,352
50030,408,145
50064,32,192
50069,342,448
50073,135,116
50104,134,100
50109,205,118
50254,643,1486
50267,151,64
50404,0,112
50478,0,110
50526,124,1271
50561,107,285
50608,213,966
50674,83,124
50684,283,177
50696,136,106
50701,50,166
50721,54,102
50750,518,2287
50785,131,71
50848,226,1911
50857,391,4
50861,233,569
50892,321,156
50900,110,87
50901,180,204
50903,218,173
50906,100,84
50914,25,128
50969,106,208
50984,447,3403
51001,1,1020
51046,475,253
51070,58,110
51106,51,114
51136,0,881
51328,387,23
51339,144,23
51363,68,125
51476,575,289
51496,7,161
51498,136,9
51512,132,193
51553,114,147
51574,1273,570
51599,7,114
51600,114,41
51633,113,631
51859,152,83
51861,2,730
51881,607,828
51916,145,99
51930,86,131
51940,2517,617
51956,233,154
51957,116,56
51958,16,256
51960,17,128
51971,1,395
51975,46,279
52016,63,290
52017,2731,416
52019,18,257
52117,111,6
52181,0,112
52226,36,121
52279,287,7
52296,118,18
52373,195,300
52376,1214,367
52378,1919,314
52379,62,245
52392,205,177
52416,109,120
52429,541,0
52437,292,545
52438,67,147
52465,108,218
52527,69,155
52594,52,228
52603,47,228
52608,255,537
52612,31,132
52614,104,11
52618,157,233
52620,842,382
52629,441,371
52634,169,84
52640,82,175
52646,205,275
52649,30,113
52658,19,159
52659,43,127
52662,101,138
52679,21,129
52682,155,7
52690,359,264
52691,78,184
52700,166,28
52713,374,158
52731,112,152
52746,0,294
52749,32,214
52783,102,10
52786,56,117
52823,28,205
52832,9,109
52838,103,116
52840,47,233
52853,80,146
52861,27,135
52884,0,130
52914,257,93
52959,37,228
52963,34,116
52970,73,173
52976,190,216
52978,111,0
52993,101,78
53011,112,12
53018,48,108
53032,409,95
53040,127,312
53063,154,330
53075,61,392
53079,39,246
53081,50,217
53083,0,157
53088,113,20
53089,233,0
53095,97,405
53108,32,482
53161,24,138
53181,31,114
53187,63,144
53224,272,1066
53225,754,325
53231,243,36
53262,113,9
53267,120,6
53377,101,13
53378,5,119
53422,12,391
53423,1768,5136
53428,52874,2515
53429,6134,9130
53430,563,21795
53433,387,1200
53434,13976,4795
53438,458,883
53439,1504,2120
53440,41,25814
53442,1268,1596
53443,772,88
53447,897,860
53487,99,184
53514,223,198
53539,50,102
53556,66,164
53571,146,108
53585,234,219
53615,36,120
53622,55,131
53634,37,141
53650,106,55
53669,12,135
53695,126,142
53773,26,111
53783,24,102
53802,3,129
53854,305,62
53896,163,90
53929,63,110
53948,126,118
53972,99,202
53973,109,57
53980,141,99
54017,90,217
54018,246,224
54019,125,40
54021,37,120
54023,82,172
54041,149,29
54067,120,108
54069,68,167
54085,108,60
54088,125,125
54101,143,35
54139,51,339
54141,980,143
54145,329,51
54146,81,114
54153,17,142
54157,240,350
54228,467,28
54253,16,215
54281,951,25
54313,0,180
54363,0,193
54370,47,318
54398,3,103
54411,1205,270
54432,211,125
54466,192,4
54467,4,190
54475,5,518
54521,485,66
54564,33,187
54653,3850,795
54654,145,64
54655,93,103
54658,109,98
54677,0,233
54678,233,0
54692,2220,867
54695,239,1050
54770,73,102
54834,228,276
54883,521,38
54884,18,489
54961,330,125
54964,311,53
55268,133,97
55272,988,49
55372,63,193
55379,120,18
55443,179,384
55453,54,135
55459,0,593
55486,4,132
55495,176,36
55505,48,192
55549,296,77
55552,0,126
55603,60,206
55621,3990,2581
55633,393,343
55665,299,98
55769,205,14
55772,150,93
55773,98,103
55777,4,112
55778,22,159
55784,143,242
55786,13,127
55801,55,112
55848,10,154
55907,103,74
55908,124,186
55984,20,125
56080,83,466
56098,327,55
56238,38,227
56312,3572,1476
56313,200,223
56502,63,230
56551,976,903
56957,232,398
57017,0,2064
57065,35,105
57101,4087,6641
57102,6530,1316
57104,7749,4972
57105,3238,8023
57110,8,167
57111,365,566
57112,529,358
57119,75,150
57170,95,228
57235,12,826
57236,668,300
57237,29,174
57270,0,1404
57276,0,2040
57295,667,0
57297,45,5002
57309,215,135
57330,195,46
57333,79,147
57390,4973,3991
57396,109,104
57413,339,352
57423,170,6
57503,0,125
57536,155,83
57626,135,4
57686,11,2637
57785,671,143
57796,37,232
57803,28,264
57817,119,208
57827,1505,1772
57828,289,492
57832,119,65
57842,139,60
57873,5,1475
57967,168,99
58015,4557,8354
58150,64,175
58152,94,149
58183,6,512
58280,27,104
58349,59,259
58396,250,356
58406,113,56
58410,16,277
58412,106,79
58428,55,398
58429,574,1150
58437,98,402
58438,2093,1131
58515,193,28
58522,2384,1904
58576,102,30
58636,320,643
58652,20,192
58725,255,108
58730,127,49
58807,0,116
58845,571,500
58855,114,3
58891,306,134
58925,373,81
58961,213,31
58989,20,105
58993,64,101
59011,596,373
59035,295,198
59061,168,92
59082,48,792
59127,32,310
59128,170,176
59130,128,35
59162,311,9
59208,0,123
59213,9,144
59374,14,120
59383,1187,597
59386,1671,1978
59390,349,390
59391,94,141
59392,303,108
59400,6,738
59402,259,0
59442,441,354
59692,0,180
59717,19,127
59718,586,609
59768,0,105
60144,5,532
60148,135,201
60163,56,324
60186,215,190
60189,36,152
60237,989,941
60252,744,4586
60256,267,24
60417,493,1061
60428,218,181
60565,58,306
60568,884,252
60608,121,113
60798,174,67
60893,107,39
60914,106,31
60937,141,180
60961,412,0
60982,297,36
61102,0,108
61112,198,496
61116,330,200
61127,5,121
61145,108,132
61146,84,132
61407,29,147
61424,454,453
61428,934,0
61429,161,259
61433,0,104
61435,0,234
61439,99,408
61467,720,732
61468,604,400
61469,1076,8647
61470,1370,890
61471,3939,1356
61472,590,769
61474,2509,2070
61475,1812,975
61477,629,3656
61479,151,1442
61480,191,254
61481,282,686
61482,640,1112
61484,548,864
61485,1567,1304
61487,126,0
61488,29,987
61546,131,155
61596,105,1033
61682,1197,985
61683,1245,225
61703,222,3
61712,2136,165
61732,20,135
61753,235,1175
61776,34,127
61779,259,248
61853,170,23
61854,20,150
61882,15,861
61894,146,17
61950,168,27
61987,128,308
62117,39,592
62343,237,108
62344,6886,6120
62345,716,2022
62346,1049,2196
62348,1135,2693
62349,13,995
62351,2145,10228
62354,2265,6421
62355,6751,1293
62356,540,8681
62357,963,1733
62358,693,6515
62359,3,1976
62361,1930,2800
62384,2,110
62406,1962,1175
62457,566,572
62491,103,21
62589,315,53
63073,307,142
63214,0,149
63482,0,136
63527,3785,6278
63529,17906,4464
63530,8270,4764
63531,342,11645
63536,2496,1473
63537,21,7439
63538,71,153
63540,21,101
63542,489,48
63810,22,225
63848,83,113
63868,247,347
63940,665,87
63943,115,86
63944,226,83
63950,8,173
63965,173,99
63977,217,10
63987,210,30
64091,100,55
64123,387,252
64125,253,245
64127,263,57
64128,120,155
64129,121,190
64130,9,114
64202,0,240
64204,240,0
64219,24,145
64242,192,98
64246,132,25
64248,60,109
64251,96,143
64398,78,123
64435,103,8
64480,166,229
64481,109,2
64718,309,20
64737,132,158
64833,153,49
64874,14328,6936
64950,163,13
64953,81,229
65156,20,711
65178,75,104
65179,140,17
65181,28,162
65182,9,109
65189,534,931
65229,106,598
65232,1,101
65299,8097,4942
65300,110,191
65301,2,1925
65302,138,221
65303,893,6658
65304,2354,1511
65305,10245,5076
65306,3567,1378
65308,23696,5250
65309,1099,940
65312,67,904
65314,617,1709
65315,18,3024
65316,182,1308
65318,4911,9139
65320,9278,2673
65321,6628,1768
65323,2,2213
65324,3743,1303
65332,261,1276
65333,31,1443
65336,222,1431
65345,6,3999
65350,543,1458
65354,7547,1657
65363,182,3725
65367,796,1112
65371,159,2623
65373,3744,4154
65374,0,3708
65377,0,553
65378,642,1058
65380,561,3580
65382,188,1973
65383,624,437
65384,559,2437
65386,1692,1489
65387,972,3296
65388,2749,6938
65389,432,2507
65391,96,1756
65393,176,3722
65395,444,1983
65396,582,6677
65399,237,1555
65401,537,637
65402,52,143
65405,771,2184
65408,0,1080
65411,24,494
65454,950,187
65465,90,236
65467,77,172
65469,6,108
65484,0,103
65497,169,3
65554,43,642
65561,1936,0
65563,0,114
65699,178,12
65742,0,371
65756,241,201
65761,1998,212
65764,237,10019
65765,526,1320
65767,72,288
65768,6983,5862
65773,4790,9781
65774,3576,6785
65777,31,344
65781,749,993
65782,11,708
65783,4841,3347
65785,99,138
65786,170,1068
65787,10,310
65788,89,684
65789,386,989
65792,0,260
65794,211,981
65795,5990,1334
65798,940,420
65799,9492,1021
65800,202,206
65804,148,192
65808,24,171
65810,3097,646
65812,615,695
65815,62,119
65816,645,1817
65817,265,529
65819,7877,2207
65821,877,678
65823,3497,1777
65824,5819,1469
65825,281,331
65826,1146,737
65830,96,197
65831,38,321
65832,7813,7512
65833,978,1823
65835,52,255
65836,974,359
65842,268,545
65843,193,33
65844,6523,2781
65845,6658,910
65846,911,413
65847,6471,2421
65848,428,264
65849,1510,2088
65850,171,797
65852,681,922
65853,9264,1359
65854,257,383
65855,1949,512
65857,24,269
65859,501,733
65860,340,612
65861,44,153
65864,265,974
65865,1242,580
65866,57,256
65867,245,129
65868,2005,1301
65869,937,1561
65871,52,1180
65872,12,196
65873,1721,988
65875,115,990
65879,4,108
65881,53,503
65883,49,256
65886,226,68
65887,116,411
65888,716,1692
65889,105,521
65890,95,741
65891,164,1100
65895,40,303
65897,15,228
65898,233,772
65899,95,102
65901,126,591
65902,706,492
65903,85,163
65906,79,150
65907,52,311
65912,140,486
65913,421,451
65914,54,281
65915,30,104
65916,282,387
65917,821,673
65918,247,333
65919,246,235
65920,438,843
65922,121,99
65924,13,114
65925,39,568
65926,4,177
65927,172,262
65930,146,117
65935,3,120
65936,27,216
65938,373,662
65939,193,236
65940,9,117
65941,0,104
65942,172,94
65946,10,157
65956,113,85
65965,4532,1282
65973,190,106
66060,87,127
66061,92,169
66063,1115,220
66064,171,260
66065,115,216
66066,77,143
66067,109,238
66068,110,136
66069,227,631
66073,543,288
66076,40,186
66080,190,70
66081,151,157
66143,148,54
66244,51,236
66258,598,13
66272,19,209
66284,10,169
66342,951,94
66346,1630,965
66348,1748,1285
66350,2371,3164
66351,5098,2111
66352,5662,4360
66353,6869,3357
66354,571,436
66356,123,174
66358,706,760
66359,257,407
66360,4886,5865
66361,1606,2012
66362,910,969
66363,115,721
66365,3414,2020
66366,67,216
66367,157,472
66368,59,758
66369,5864,1657
66370,5041,866
66371,1855,5124
66373,227,308
66374,81,192
66376,248,406
66379,2260,6175
66383,82,247
66385,317,126
66386,192,535
66387,72,143
66389,556,854
66392,3873,1182
66393,118,524
66395,1921,443
66400,24,123
66402,128,600
66404,407,1814
66405,14,216
66408,302,59
66412,197,635
66414,331,419
66416,117,376
66417,351,529
66418,183,452
66420,120,0
66429,1,247
66430,119,126
66436,80,719
66438,148,439
66439,496,619
66440,12,167
66447,13,105
66449,250,451
66453,395,750
66455,194,202
66461,62,120
66479,42,671
66480,144,479
66481,32,829
66486,837,936
66489,192,565
66497,54,388
66499,276,472
66514,1,278
66516,0,200
66523,7,278
66525,168,622
66550,260,0
66556,10,178
66558,37,214
66559,441,0
66605,41,149
66607,118,207
66613,171,201
66618,676,800
66619,204,489
66620,79,283
66623,87,202
66635,7,154
66642,69,197
66653,370,296
66654,162,153
66655,366,225
66665,127,68
66820,147,323
66821,183,293
66824,108,71
66825,1198,876
66826,842,216
66828,550,436
66829,150,13
66830,559,1255
66831,536,627
66832,1147,1246
66834,116,130
66835,376,286
66836,982,535
66837,21,220
66842,159,167
66849,172,188
66850,250,331
66859,552,404
66860,429,424
66863,327,307
66919,63,306
66950,306,0
67600,2,256
67728,30,109
67738,266,965
67739,477,91
67754,12,219
67808,577,27
67860,27,131
67941,15,121
68098,199,228
68144,130,103
68156,111,472
68183,48,118
68184,101,258
68186,148,81
68188,148,196
68190,140,146
68191,323,40
68196,48,280
68198,255,108
68416,0,140
68476,425,928
68491,146,174
68571,201,182
68623,174,97
68661,773,68
68785,21,114
68806,159,7
68824,112,11
68832,4,256
68861,164,37
68869,221,237
68873,10,123
69114,127,4
69134,4,156
69264,278,234
69631,343,164
69741,113,243
69751,450,124
69814,1154,899
69815,4,110
69818,1345,600
69824,188,1002
69825,6,105
69827,0,104
69828,334,790
69837,821,896
69840,167,397
69845,83,1792
69847,112,793
69848,179,377
69850,70,178
69860,12,117
69866,97,736
69873,25,203
69906,240,357
70302,54,118
70310,31,105
70315,495,72
70316,49,362
70405,41,143
70456,15,108
70507,316,810
70512,4,100
70524,1431,3233
70738,29,129
70850,6,136
70865,0,132
70875,119,158
70883,157,86
71039,0,127
71124,104,115
71273,172,61
71359,103,10
71399,134,210
71427,18,134
71453,1752,482
71472,124,61
71474,251,206
71509,1141,76
71569,133,39
71634,408,288
71676,286,5
71677,4,268
71692,196,160
71694,165,170
71699,65,112
71716,161,392
71814,40,130
72003,32,102
72425,48,108
72476,4,116
72671,8,1050
72684,244,12
72858,248,125
72861,32,105
72867,13,202
72869,7,116
72883,50,133
72961,151,86
73097,1212,0
73149,210,11
73155,182,176
73181,1548,675
73197,218,108
73317,69,249
73377,762,556
73417,369,6708
73459,420,139
73465,2275,1414
73469,91,106
73477,298,3
73482,153,197
73484,101,136
73486,62,159
73500,213,35
73798,210,140
73799,119,22
73800,118,102
73803,103,102
73804,36,108
73923,290,116
74002,645,680
74099,203,266
74115,68,100
74355,1828,0
74375,5,179
74389,44,159
74485,376,169
74583,591,1167
74686,198,135
74915,995,2104
74925,18,120
75027,118,35
75135,46,107
75154,134,56
75318,107,38
75333,184,12
75380,4,344
75571,0,337
75657,104,51
75674,121,22
75732,4,121
75900,470,78
75902,59,118
75914,104,39
75973,173,158
76046,1,114
76088,4148,1071
76092,52,111
76169,0,101
76171,110,30
76246,179,124
76295,51,264
76312,52,248
76394,824,358
76684,118,16
76810,228,71
76811,71,219
76894,131,0
77132,22267,4657
77153,12437,9723
77159,32490,3769
77170,6476,33748
77175,435,10128
77176,18,7018
77177,1269,45
77262,317,81
77279,101,33
77325,138,18
77409,34,100
77483,181,206
77705,46,150
77711,0,116
77735,0,184
77775,54,134
77780,168,196
77782,175,204
77883,9,424
77899,275,265
77900,322,284
77901,194,180
77908,114,103
77910,173,0
78157,159,1
78198,169,286
78221,2563,3063
78322,244,22
78492,132,111
78500,189,136
78549,354,307
78550,273,162
78553,417,51
78557,24,117
78561,78,360
78563,180,55
78640,193,39
78842,115,17
78858,83,248
79134,5,227
79187,89,113
79359,3,125
79542,223,543
79765,127,0
79848,199,173
79864,261,351
79880,32,141
79985,897,80
80017,26,118
80163,20,300
80172,496,160
80260,1119,0
80261,368,0
80263,34,107
80267,556,4851
80268,2164,0
80276,93,4239
80277,252,0
80278,40,156
80282,198,40
80284,298,4
80294,133,408
80496,290,119
80502,5607,290
80516,741,3279
80525,17,4681
80526,1331,1320
80527,167,1801
80529,172,900
80532,182,73
80533,73,182
80560,1484,225
80562,214,38
80564,3,116
80566,18,143
80588,0,317
80596,5,116
80723,0,166
80787,267,314
80793,42,177
80814,17,109
80817,198,144
80846,107,44
80875,245,791
80987,793,363
80988,0,156
80989,110,168
80990,394,168
81434,196,35
81493,62,163
81561,2,108
81573,190,55
81591,116,53
81598,512,615
81616,112,54
81647,387,105
81667,154,123
81696,109,31
81699,7,191
81700,77,135
81702,304,110
81726,46,132
81744,12,229
81756,205,155
81757,235,79
81765,784,85
81772,137,303
81811,181,148
81825,170,107
81828,21,211
81831,220,174
81833,106,167
81834,135,234
81837,45,154
81838,18,140
81839,365,913
81842,163,167
81846,129,20
81849,108,0
81869,36,171
81872,101,28
81873,112,529
81874,1008,200
81876,328,276
81877,122,166
81884,101,69
81946,98,105
82080,85,175
82147,179,147
82164,400,234
82181,442,445
82256,93,110
82271,144,108
82308,428,344
82355,213,208
82361,326,245
82371,47,209
82372,135,129
82423,186,115
82427,198,266
82432,32,108
82438,128,152
82489,89,1202
82491,1220,47
82687,2,160
82724,300,422
82727,79,261
82730,196,307
82731,167,499
82733,116,415
82737,305,64
82818,126,47
82822,112,41
82992,191,169
83034,127,106
83298,20,149
83447,64,175
83448,9,244
83458,0,105
83676,73,150
83844,273,25
83845,24,120
83846,30,157
83896,78,107
83899,190,140
83914,196,82
83918,72,100
83919,120,82
83920,26,166
84096,0,148
84104,164,67
84106,170,236
84107,67,227
84112,68,135
84115,250,205
84125,89,111
84142,44,102
84341,560,655
84383,1213,541
84384,17,104
84395,121,14
84402,320,2015
84403,110,37
84404,170,450
84407,308,370
84408,679,184
84409,61,218
84415,1031,401
84416,54,174
84417,124,370
84419,148,139
84422,75,225
84425,150,230
84442,110,174
84443,82,354
84446,98,209
84447,20,106
84448,38,132
84449,350,472
84450,134,210
84454,282,100
84456,22,112
84458,83,103
84462,112,284
84549,0,187
84592,1,113
84601,1887,1914
84617,211,185
84721,73,442
84785,54,108
84861,66,1139
84863,120,120
84865,1072,1
84919,215,40
85056,102,223
85057,130,206
85059,178,220
85064,114,119
85092,263,144
85120,131,3
85121,0,108
85510,0,129
85526,34,129
85578,149,304
85596,682,224
85680,41,143
85698,273,0
85872,411,54
85895,16,110
85916,108,72
85932,96,177
85946,219,48
85963,44,146
86111,227,303
86114,155,79
86290,20,124
86311,447,0
86390,167,48
86409,3621,1229
86412,521,304
86413,447,493
86417,219,442
86427,603,1614
86428,278,296
86431,112,126
86434,0,141
86439,220,1399
86442,184,330
86443,225,121
86444,112,30
86447,445,380
86448,419,607
86450,206,286
86453,176,1045
86458,352,570
86465,61,915
86467,56,480
86480,46,281
86490,42,234
86497,0,140
86547,159,358
86549,143,100
86757,50,632
86760,272,14
86876,116,30
87129,5,1240
87134,123,92
87489,0,344
87673,357,154
87695,277,23
88006,233,19
88038,2,170
88059,332,6
88097,207,105
88235,108,84
88288,111,8
88317,42,188
88320,390,189
88322,328,252
88327,409,109
88331,209,158
88348,141,36
88369,20,102
88376,174,98
88433,129,96
88434,246,173
88444,342,64
88466,41,157
88468,25,116
88475,47,141
88488,23,113
88495,169,188
88501,144,105
88507,117,84
88521,443,63
88550,12,264
88553,367,185
88558,195,95
88585,0,111
88598,2356,1180
88603,21,104
88614,197,138
88852,9,141
89056,141,85
89061,185,104
89063,240,91
89167,0,128
89264,1158,261
89301,118,3
89397,232,2
89398,10,188
89436,596,1349
89438,2390,292
89439,614,197
89440,10,467
89441,273,374
89442,292,101
89443,168,246
89517,0,282
89519,18,111
89523,9,515
89525,65,304
89562,75,101
89725,359,445
89726,216,175
89728,196,393
89729,780,189
89730,260,308
89731,529,390
89732,0,108
89733,356,241
89735,51,197
89737,41,135
89739,51,227
89747,1217,199
89749,52,139
89753,140,81
89756,118,99
89757,43,171
89769,0,185
89791,315,14
89992,27,105
90130,524,365
90177,40,110
90179,33,140
90329,686,1055
90464,504,139
90668,219,105
90708,114,0
90730,667,72
91109,65,126
91146,185,34
91149,0,120
91348,460,305
91373,204,122
91444,173,95
91598,136,0
91824,727,2
91854,0,1825
91877,106,219
92018,0,131
93091,100,0
94325,44,145
94555,29,210
94563,0,194
94855,11,225
94894,350,3
94991,149,116
95010,2324,0
95040,150,313
95095,356,0
95302,121,6
95304,295,185
95310,140,105
95596,1218,0
95779,16,104
95805,950,16819
95806,18285,924
95807,224,5411
95808,10008,3036
95809,6459,152
95810,1946,592
95811,506,353
95812,724,206
95813,1941,1424
95814,3041,640
95815,682,812
95816,172,52
95817,754,807
95818,2747,223
95819,385,1544
95820,0,851
95821,0,158
95822,516,252
95823,506,2762
95824,324,2470
95826,87,2050
95828,2,921
95829,4079,457
95830,224,2744
95831,97,186
95832,32,1109
95857,109,1692
95858,99,2543
95887,633,40
95899,208,98
95902,28,2087
95912,682,45
95924,315,0
95938,75,336
95997,116,79
96008,69,143
96016,116,82
96033,228,170
96041,376,148
96050,47,151
96059,24,130
96061,52,256
96064,22,204
96093,609,24
96105,226,156
96108,1415,10
96115,242,128
96196,13,391
96241,152,1942
96317,0,324
96328,495,710
96393,435,350
96396,153,222
96400,240,363
96401,106,32
96402,56,144
96415,118,354
96418,10,109
96422,0,125
96438,222,109
96442,176,102
96444,100,12
96503,10,1696
96868,2092,999
97001,126,33
97010,2215,1556
97141,113,21
97296,153,0
97360,12,102
97365,1,211
97493,1077,26
97501,113,949
97503,455,3
97518,0,244
97542,161,78
97780,157,290
97781,37,179
97826,138,27
97827,13,122
97873,100,106
97998,175,164
98093,49,195
98151,470,479
98165,64,256
98269,101,22
98378,103,18
98435,70,1279
98439,651,107
98998,86,412
99053,7,183
99128,50,116
99141,122,26
99178,11,139
99181,48,245
99182,108,23
99184,229,14
99231,502,3
99238,18,473
99392,10,276
99681,0,405
99976,239,6
100006,286,466
100008,201,312
100012,28,107
100019,212,214
100021,99,141
100022,1000,2947
100023,79,264
100024,544,1064
100026,30,219
100027,24,136
100028,60,670
100029,40,401
100035,314,1129
100036,126,6
100037,1559,584
100038,264,140
100040,148,316
100041,86,564
100043,194,911
100044,186,184
100045,182,214
100047,30,126
100048,766,676
100049,304,640
100050,37,381
100051,300,1052
100052,2244,3120
100053,1020,1134
100054,246,920
100056,328,982
100057,158,684
100058,192,745
100059,373,460
100060,655,900
100061,126,1229
100062,321,369
100064,2816,2818
100065,1554,3954
100066,768,376
100067,164,976
100068,158,217
100071,18,126
100072,114,420
100073,407,5074
100074,489,1706
100076,174,1159
100078,450,613
100081,210,360
100082,1590,2317
100083,67,638
100084,387,436
100085,24,177
100086,15,144
100088,486,2193
100089,59,151
100092,59,261
100095,184,322
100096,56,510
100097,308,381
100417,74,113
100502,935,657
100503,269,208
100504,446,915
100838,14,257
100927,57,252
100986,85,195
100987,109,27
100989,91,284
101107,0,976
101183,2065,1736
101184,721,1420
101188,704,530
101189,404,1281
101190,256,100
101192,50,216
101193,422,129
101195,209,545
101200,392,441
101201,296,72
101206,546,536
101207,215,452
101209,250,340
101210,13,148
101215,116,12
101216,186,18
101218,480,455
101298,166,181
101308,165,135
101372,199,54
101425,9,242
101426,1,390
101427,0,983
101429,324,131
101534,103,116
101546,133,59
101550,116,47
101556,82,114
101559,195,16
101738,475,105
101740,101,77
101745,106,409
101746,126,357
101747,41,188
101748,230,215
101750,306,43
101751,2,127
101755,58,267
101762,162,147
101826,65,540
102139,394,192
102157,16,151
102170,104,38
102236,2067,657
102237,278,798
102240,51,191
102242,61,183
102244,1849,723
102246,15,206
102250,520,2601
102253,1546,176
102258,21,232
102304,150,52
102307,22,132
102563,5190,54
102568,426,1824
102570,36,372
102571,0,198
102573,54,720
102574,66,162
102602,11,729
102677,15,204
102682,781,269
102686,81,125
102688,79,145
102817,1,431
103025,151,286
103026,2,423
103439,621,340
103461,204,122
103483,28,104
103576,142,217
103577,511,420
103578,1400,733
103579,2170,964
103580,787,760
103582,249,597
103583,1755,2814
103584,2505,1570
103585,173,190
103586,924,803
103587,194,130
103588,3116,1604
103589,480,657
103590,1968,1470
103594,555,38
103595,102,149
103596,4943,2463
103597,202,588
103598,2004,2642
103599,1137,1250
103600,109,232
103601,642,1072
103604,740,33
103606,1809,1055
103607,1557,239
103608,183,1428
103610,36,321
103611,1640,521
103613,148,163
103615,1129,1025
103616,1024,360
103617,270,13
103618,1478,282
103619,1516,4648
103620,152,0
103621,1,296
103623,780,1017
103626,318,23
103627,73,229
103628,172,94
103630,122,200
103633,59,210
103634,227,268
103635,585,254
103636,279,135
103641,140,245
103644,414,685
103646,935,0
103647,143,235
103651,604,0
103652,69,109
103653,279,49
103655,257,345
103656,121,0
103657,265,975
103658,47,360
103659,105,126
103666,36,162
103668,588,1107
103670,203,69
103673,275,2
103674,80,437
103680,143,17
103683,104,183
103685,131,91
103686,1524,269
103688,82,140
103693,649,1931
103702,253,43
103706,361,258
103712,109,1370
103714,65,159
103716,0,193
103717,230,5
103719,84,276
103721,96,505
103727,1402,1381
103728,31,153
103729,1347,1362
103730,108,36
103731,305,0
103732,185,0
103742,156,166
103745,1,119
103746,305,903
103749,179,180
103750,235,0
103751,208,297
103754,406,277
103759,1,142
103762,125,234
103767,51,173
103772,109,56
104424,47,106
104425,125,65
104432,73,131
104754,141,148
104895,352,426
104919,172,105
105043,238,173
105044,869,406
105056,200,197
105057,110,60
105063,262,386
105071,27,171
105072,1254,362
105074,447,154
105077,140,164
105078,57,291
105080,71,269
105083,214,210
105091,217,72
105096,312,114
105098,161,29
105109,107,83
105111,140,84
105114,82,173
105120,301,121
105128,240,110
105129,283,463
105130,68,108
105135,104,1
105142,32,131
105146,65,136
105147,182,102
105148,169,190
105149,293,875
105152,279,332
105154,45,108
105155,121,196
105158,177,198
105163,217,93
105164,564,346
105166,436,428
105168,92,149
105169,8,122
105170,376,176
105171,181,274
105172,312,533
105173,526,474
105185,436,146
105186,563,203
105188,304,160
105189,323,526
105191,299,630
105194,301,110
105197,117,33
105200,144,196
105203,111,97
105204,62,507
105209,232,262
105242,176,0
105438,720,6
105444,42,2493
105445,52,358
105450,6,170
105451,72,246
105452,6,125
105455,42,151
105459,343,0
105462,11674,188
105463,149,0
105661,92,316
105662,286,251
105663,104,199
105664,94,255
105668,83,193
105875,1,891
105913,26,490
105914,102,710
105915,94,646
105917,143,2027
105920,60,1062
105924,162,3180
105932,1441,62
105939,9755,1278
105943,21,1405
105944,28,793
106039,20,116
106051,391,370
106052,229,353
106095,111,32
106098,149,17
106135,111,292
106138,48,316
106139,57,120
106144,470,151
106145,263,33
106146,144,374
106180,348,339
106210,12,160
106212,90,497
106231,15,318
106233,47,359
106248,271,644
106250,172,327
106272,95,119
106277,273,124
106279,0,155
106299,0,255
106315,48,393
106316,19,376
106318,19,144
106332,163,248
106334,199,375
106347,1425,687
106354,49,138
106358,53,185
106371,299,126
106382,0,207
106391,35,234
106402,1153,135
106407,95,128
106414,0,275
106426,163,348
106430,75,227
106431,24,167
106432,511,555
106440,0,129
106456,70,165
106458,9,308
106476,1,120
106480,0,308
106517,4,385
106526,11,108
106530,119,49
106642,53,175
106645,106,209
106646,174,38
106772,310,236
106776,197,186
106816,26,196
106818,103,104
106827,518,282
106840,62,211
106906,0,141
106926,207,266
106930,124,261
106985,197,112
106987,36,128
107075,41,196
107085,612,477
107109,149,101
107203,70,251
107227,111,95
107325,42,107
107343,58,222
107345,119,73
107348,107,31
107392,253,116
107427,220,32
107479,210,18
107490,717,660
107493,118,163
107498,683,884
107502,143,35
107503,14,106
107504,108,0
107513,1176,1065
107514,138,77
107522,78,126
107537,105,60
107544,68,158
107556,89,180
107560,1993,0
107609,174,135
107901,0,108
107903,378,53
107915,0,180
108070,119,14
108153,3,104
108300,16,227
108304,248,369
108305,288,0
108306,129,29
108307,169,202
108308,73,312
108313,983,454
108315,18,190
108317,182,405
108321,97,284
108322,126,94
108337,184,89
108450,185,756
108451,114,107
108452,0,138
108453,76,171
108454,95,305
108455,19,228
108457,38,346
108458,190,126
108460,15,131
108461,158,27
108462,209,437
108643,159,225
108881,76,134
108884,315,349
108889,181,277
108891,1204,795
108899,82,199
108903,466,515
108907,281,241
108910,172,187
108913,85,111
108915,257,332
108917,889,542
108925,90,178
108929,141,239
109365,162,45
109367,434,622
109369,359,156
109372,74,118
109484,75,432
109494,72,1353
109495,1387,1399
109496,3,1993
109498,711,3669
109499,2,2226
109500,1102,1131
109701,380,161
109705,45,130
109713,67,163
109715,168,87
109761,122,17
109955,1,100
109958,143,5
109979,22,122
110004,653,0
110023,261,159
110033,120,79
110136,64,119
110436,0,155
110536,100,7
110612,1189,704
110613,255,399
110615,205,201
110623,90,105
110639,977,488
110640,313,361
110642,918,494
110648,255,229
110650,230,369
110654,478,660
110665,93,109
110667,274,262
110668,154,133
110681,981,1310
110692,183,379
110693,251,200
110694,89,130
110699,85,107
110701,63,259
110704,232,224
110705,329,313
110707,157,227
110708,736,453
110709,239,271
110710,119,73
110711,51,164
110713,85,151
110715,68,123
110716,111,150
110719,37,127
110720,70,109
110721,5,127
110724,51,136
110726,61,195
110728,290,415
110729,87,100
110731,104,317
110737,238,138
110738,590,598
110741,256,566
110742,96,255
110745,22,116
110747,328,435
110748,81,177
110751,235,323
110752,152,229
110753,51,103
110754,48,120
110755,440,332
110757,260,299
110758,225,511
110759,48,145
110760,548,354
110761,82,144
110762,192,360
110764,46,139
110765,235,680
110766,125,309
110767,87,304
110768,526,456
110769,62,214
110770,182,172
110771,19,119
110774,183,223
110777,100,21
110782,138,141
110785,79,192
110787,191,172
110789,76,121
110792,151,188
110793,20,221
110794,110,216
110797,202,276
110834,77,125
110859,0,106
110890,64,118
110973,46,157
110992,88,121
111065,118,202
111068,258,193
111118,365,138
111119,359,77
111120,165,98
111155,360,406
111182,136,142
111205,11,104
111207,101,44
111219,179,197
111308,818,579
111309,1400,200
111310,142,370
111311,6,1441
111312,147,443
111313,3,272
111314,39,269
111329,26,137
111337,33,101
111348,0,108
111349,28,228
111364,55,122
111382,3705,20
111592,161,227
111600,44,156
111699,282,0
111709,13762,7443
111710,9086,5822
111711,693,3611
111712,11399,4069
111821,134,16
111872,130,23
111911,114,30
111921,52,301
112044,9,103
112621,318,160
112648,109,55
112984,103,54
113292,299,360
113293,191,71
113294,889,452
113295,249,360
113298,671,377
113299,185,426
113388,113,75
113389,34,118
113391,76,113
113398,134,80
113402,173,40
113461,226,282
113475,168,96
113478,198,58
113483,217,427
113496,131,56
113498,401,140
113503,73,138
113506,10,143
113511,404,246
113512,65,107
113514,156,61
113517,195,106
113519,141,94
113521,158,118
113522,373,104
113523,101,324
113527,220,97
113530,116,80
113542,65,220
113544,21,151
113546,7,157
113547,58,312
113549,5,105
113552,65,130
113555,44,120
113961,124,126
113973,141,98
113975,143,136
113988,141,278
113990,55,167
114000,21,108
114064,38,101
114065,36,128
114066,132,60
114107,223,31
114222,103,86
114297,124,65
114345,43,100
114347,153,253
114660,60,109
114718,513,174
114719,80,156
114722,847,572
114727,1084,406
114729,221,312
114731,106,15
114732,192,0
114734,103,56
114737,537,327
114739,425,400
114742,245,39
114743,55,634
114747,129,249
114748,107,82
114751,735,516
114752,218,595
114756,16,131
114757,22,160
114758,407,180
114759,195,225
114761,95,281
114762,25,286
114763,307,162
114764,45,117
114767,7,234
114769,290,285
114770,44,114
114773,347,265
114776,64,450
114783,97,351
114785,133,10
114786,350,402
114788,64,400
114789,1178,494
114793,192,95
114794,39,237
114796,606,201
114797,66,115
114799,41,129
114801,97,150
114811,85,254
114813,216,98
114814,104,612
114818,92,195
114821,79,758
114824,0,128
114833,100,0
114835,169,31
114836,111,236
114838,305,275
114843,125,179
114854,160,20
114858,2,168
114859,100,23
114860,35,168
114863,143,9
114868,21,178
114869,53,111
114884,261,368
114888,310,598
114895,100,0
114899,70,286
114909,104,166
114910,42,105
114911,100,10
114920,1,123
114932,300,219
114938,701,2680
114942,151,80
114960,268,160
114963,57,409
114967,32,227
114968,142,157
114975,630,373
114976,13,115
114978,316,198
114981,5,103
114990,148,49
114993,102,75
114999,1400,582
115000,38,481
115003,8,402
115006,150,180
115007,262,0
115024,30,1839
115031,67,184
115223,191,21
115325,92,267
115331,321,57
115344,3,168
115350,92,171
115356,174,54
115734,342,904
115809,4,837
115810,844,31
115851,347,33
116177,105,2
116201,114,0
116412,112,12
116420,136,16
116529,103,62
116691,24,293
116755,8,555
117037,296,36
117038,50,126
117040,83,137
117041,48,186
117098,145,26
117313,530,135
117498,213,578
117906,2,238
117908,135,2
118225,139,5
118579,0,136
118681,1698,39528
118848,115,82
118993,554,5985
119177,1315,177
119469,432,24
119509,93,135
119849,127,0
119955,203,39
119965,371,103
119967,158,92
119971,212,262
119973,335,275
119975,67,119
119976,243,0
119978,226,313
119980,8,204
119989,494,283
119994,207,64
119995,100,441
119996,32,332
119998,42,384
120003,38,414
120041,1,146
120052,287,25
120054,124,93
120055,185,162
120056,63,196
120062,152,116
120063,1068,565
120065,152,44
120092,36,132
120100,139,728
120101,44,913
120102,67,847
120119,310,409
120127,11,198
120131,61,328
120132,12,184
120167,127,58
120180,203,55
120257,119,130
120262,181,56
120304,31,106
120327,100,18
120335,296,365
120345,106,168
120349,0,103
120354,250,359
120357,25,127
120363,112,109
120368,569,118
120374,230,99
120379,26,148
120399,137,158
120408,119,148
120423,120,367
120499,106,47
120532,120,12
120554,143,75
120560,59,122
120586,112,98
120592,106,57
120613,408,202
120616,86,109
120628,265,89
120631,93,150
120650,82,169
120654,102,130
120656,103,82
120660,194,21
120664,186,273
120665,188,95
120677,151,22
120680,59,151
120695,108,195
120704,241,0
120717,122,0
120719,235,35
120729,434,160
120736,120,0
120737,106,50
120743,124,199
120754,123,0
120788,117,0
120856,101,67
120919,3,231
121026,311,282
121027,77,110
121029,245,127
121128,196,287
121149,96,142
121208,768,528
121219,68,134
121229,2,138
121233,180,228
121286,331,57
121358,159,128
121555,159,55
121824,226,0
121917,121,82
122104,32,106
122105,95,198
122106,344,147
122226,70,122
122277,0,460
122278,460,0
122289,219,2
122785,2,135
122819,8,104
122864,1,162
123014,9,183
123023,26,154
123201,9,118
123602,18,141
123617,121,59
124144,101,11
124231,44,154
124232,164,174
124233,318,62
124234,28,138
124267,406,0
124268,0,516
124552,17,113
124668,0,734
124983,30,124
125102,118,15
125590,255,3
125602,44,180
125660,566,228
125661,210,397
125798,159,92
125800,24,180
125801,31,105
125878,0,232
125879,232,0
126179,46,166
126345,225,123
126367,67,201
126374,486,199
126375,251,204
126377,110,106
126390,2352,285
126391,26,149
126393,14,153
126394,345,2312
126396,15,370
126400,1016,178
126405,164,693
126797,2,172
126802,211,4
126867,403,58
126881,14,127
126883,1,415
126884,85,261
126889,161,194
127065,103,26
127071,53,259
127262,255,135
127435,7,125
127438,157,68
127677,955,0
127679,10,1974
127680,320,0
128190,36,148
128191,148,156
128558,1,101
128562,29,223
128963,53,126
129059,1744,477
129067,140,210
129069,194,263
129072,226,656
129073,2711,556
129074,675,400
129075,368,509
129076,66,1424
129077,86,266
129078,88,430
129079,574,406
129080,19,230
129708,111,32
129755,560,475
129835,167,84
129862,144,139
129875,70,112
130724,236,60
131356,4,172
131711,784,1
131718,121,407
131719,73,103
131722,52,262
131723,96,289
131725,308,220
131726,189,175
131727,110,72
131728,168,308
131729,100,242
131730,124,28
131731,353,6
131732,131,89
131733,112,292
131734,69,223
131735,41,231
131736,164,34
131737,178,118
131738,56,237
131739,88,353
131740,185,59
131741,28,247
131742,129,81
131743,73,136
131744,61,119
131745,25,180
131746,44,131
131747,33,167
131748,107,213
131749,17,192
131750,484,185
131751,235,275
131752,189,160
131753,79,169
131754,326,8
131755,99,102
131756,326,23
131758,129,75
131759,157,43
131762,30,189
131763,12,205
131764,241,49
131766,158,65
131771,171,74
131772,18,367
131774,182,79
131779,377,26
131780,205,59
132045,0,458
132046,4426,4367
132047,139,58
132048,457,0
132049,7,1740
132050,1279,854
132052,465,1632
132053,1301,11815
132054,381,2817
132055,6686,1856
132056,11114,637
132112,174,37
132116,147,108
132120,28,116
132663,0,215
132816,135,113
132823,81,178
132827,0,190
133219,150,75
133231,23,161
133234,85,192
133240,515,199
133251,80,181
133267,23,109
133269,71,231
133287,63,261
133288,37,102
133289,100,376
133290,83,243
133292,61,113
133296,35,183
133298,54,109
133302,93,164
133307,120,123
133343,833,55
133344,52,1329
133347,163,318
133372,0,1100
133374,0,1211
133375,4,194
133389,142,594
133405,252,98
133425,900,828
133440,238,418
133459,1585,248
133461,52,331
133465,62,139
133476,82,302
133479,52,180
133482,37,685
133492,22,121
133524,198,49
133532,188,1142
133540,24,209
133556,108,6
133557,1052,687
133568,27,203
133577,668,612
133578,97,130
133580,0,127
133583,126,208
133584,148,0
133804,109,27
133860,151,82
133873,266,378
133877,48,178
133878,468,232
133879,228,111
133880,406,230
133881,168,295
133882,43,104
133886,123,246
133888,223,122
133889,69,336
133892,175,214
133895,125,8
133896,712,420
133901,68,118
133902,63,108
133903,47,121
133904,573,215
133905,258,238
133907,515,165
133908,233,190
133909,33,144
133910,33,129
133912,235,38
133921,27,357
133928,313,285
133929,69,235
133932,78,125
133936,223,138
133938,455,1034
133940,65,288
133941,165,157
133946,163,212
133947,1521,566
133948,40,122
133955,357,65
133958,252,167
133959,207,201
133961,156,198
133962,274,91
133966,1,142
133974,76,176
133982,80,147
133985,16,121
133988,243,65
133989,107,0
133990,121,29
133991,156,127
133992,100,22
133994,41,102
133999,243,117
134002,158,73
134006,60,256
134008,34,117
134010,54,117
134015,66,119
134027,103,158
134034,308,329
134035,102,6
134037,478,227
134044,5,327
134046,21,635
134047,6,320
134048,48,122
134050,115,14
134072,109,69
134073,209,179
134087,48,202
134088,323,148
134090,124,35
134091,967,275
134107,18,313
134128,128,201
134136,56,108
134150,42,103
134151,108,70
134160,105,91
134165,75,109
134167,122,6
134168,231,180
134169,52,139
134172,106,89
134176,117,73
134184,541,93
134187,17,137
134188,40,192
134304,57,114
134312,203,12
134316,2357,2358
134323,598,0
134467,41,123
134480,254,89
134481,925,335
134484,115,102
134487,331,246
134489,1804,796
134493,375,384
134508,31,169
134529,1411,394
134532,26,153
134535,165,220
134537,191,63
134551,15,110
134555,175,172
134564,136,102
134567,421,304
134568,267,212
134579,93,323
134582,45,141
134623,61,150
134626,0,110
134670,117,74
134680,487,214
134687,6,119
134692,16,132
134703,32,172
134731,64,125
134736,59,107
134762,0,138
134764,548,1209
134769,29,236
134771,165,379
134777,40,122
134796,131,161
134804,762,193
134809,0,102
134854,1,140
134891,915,300
134929,21,182
134930,56,143
134931,167,269
134944,22,110
134960,48,120
134977,215,138
135004,144,248
135005,129,26
135009,84,548
135026,129,467
135070,0,144
135087,66,142
135113,30,126
135196,6809,378
135225,1872,486
135236,246,302
135237,119,258
135241,0,141
135249,46,222
135267,127,480
135275,40,324
135297,614,299
135335,7,101
135343,20,139
135416,308,212
135418,25,272
135419,49,334
135420,2,160
135422,38,138
135424,4,137
135446,24,110
135456,47,117
135488,0,146
135492,4,107
135514,26,127
135568,64,123
135944,262,97
135952,108,78
135959,35,110
135975,311,14
136145,39,126
136157,20,112
136609,46,145
136610,22,247
136613,22,313
136614,97,151
136616,96,191
136617,48,274
136618,72,205
136619,22,290
136620,160,143
136621,49,214
136622,63,196
136623,143,64
136624,234,129
136625,162,153
136626,87,196
136627,54,205
136629,66,194
136630,328,24
136631,163,34
136632,83,172
136633,102,154
136634,128,112
136635,93,244
136636,119,126
136637,120,137
136638,188,94
136639,191,85
136640,112,86
136641,208,65
136642,120,150
136644,125,121
136645,179,90
136646,81,173
136648,207,102
136649,157,92
136650,148,86
136651,181,73
136652,185,35
136654,117,139
136655,165,77
136656,122,139
136657,122,80
136658,203,26
136659,272,42
136660,292,47
136661,194,37
136662,152,24
136664,156,20
136666,80,156
136667,141,61
136674,0,139
136675,3,158
136860,976,0
136987,161,4
137525,8,144
137711,111,16
137799,239,4
137867,6838,7892
137868,1464,11543
137869,25,1939
137870,36,283
137871,2238,1347
137872,15,2270
138032,15,105
138282,0,161
138335,478,91
138462,104,4
138908,5,3999
139056,182,85
139064,20,107
139072,200,114
139075,129,68
139093,21,114
139102,414,208
139106,58,195
139128,21,105
139146,62,113
139152,119,80
139154,499,145
139159,61,165
139170,155,98
139185,12,110
139188,21,146
139189,18,126
139192,103,107
139210,112,64
139216,184,79
139243,86,130
139267,77,140
139289,27,171
139292,20,111
139298,459,9
139310,24,169
139329,57,100
139334,367,86
139338,240,47
139341,96,101
139344,24,137
139348,166,106
139359,58,546
139368,283,112
139376,168,36
139384,168,403
139385,37,150
139397,100,2
139406,7,102
139424,36,101
139659,127,49
139663,114,78
139830,94,129
139831,74,191
139833,6,123
139834,327,90
140497,353,368
140954,139,8
141437,102,183
141464,2,124
141629,25,145
141632,42,147
141636,213,18
141650,22,110
142031,26,123
142035,267,83
142039,113,80
142073,9,132
142512,130,10
142820,610,204
142835,40,129
142959,24,114
143360,0,127
143388,8,111
143945,178,75
143948,322,295
143952,94,226
143953,92,120
143954,112,92
145337,117,137
145340,227,201
145366,132,81
145400,148,106
145920,12,258
145921,71,267
146191,24,485
146194,1344,794
146197,303,25
146198,1343,883
146202,248,0
146203,4,3517
146208,161,310
146489,9,242
147031,54,119
147270,2,2324
147373,1,161
147376,21,202
147502,106,11
147571,785,1
147575,912,3
148395,467,138
148462,112,116
148530,159,52
148532,56,215
148571,216,40
148916,2,102
148917,98,115
149492,349,840
149520,158,3594
149666,728,3
149968,1216,676
150014,0,187
150613,257,192
150614,113,139
150618,75,121
150620,89,120
150645,117,61
150822,4,174
150878,106,66
150938,0,116
151097,8,132
151453,16,268
151781,370,113
151792,108,94
152102,103,143
152134,262,44
152474,73,102
153025,182,26
153550,251,99
153731,7,132
154087,12,117
154091,166,206
154097,173,90
154147,200,93
154154,152,89
154157,425,433
154175,152,321
154176,8,216
154194,6,101
154200,235,175
154202,94,381
154204,157,108
154205,116,11
154207,176,216
154208,0,163
154209,234,40
154599,2,241
154663,925,561
154665,601,303
154781,6,134
154870,891,1
155176,238,3
155852,2327,40
155853,133,229
155854,403,715
155856,369,724
155860,21,347
155861,190,205
155862,172,0
155866,0,842
155870,0,491
156029,0,282
156120,5,1415
156121,346,0
156378,192,4
156826,24,124
157222,272,118
157224,303,69
157225,35,195
157226,49,109
157720,11,101
157801,150,12
157809,102,68
158486,2472,0
158581,15,152
158844,5,139
159123,4,103
159124,103,4
159295,2724,59
159298,0,2295
159352,97,1031
159353,6386,2056
159354,112,37
159355,32,6538
159356,136,3976
159358,413,1063
159359,449,1034
159369,47,113
159661,82,144
159664,174,0
160140,734,0
160354,113,22
160370,184,142
160395,70,17541
160396,10,110
160423,176,51
160461,124,267
160647,48,192
160649,55,121
160679,108,43
160811,10,166
160813,93,124
160820,10,122
161741,244,2
162965,2,219
163186,34,105
169580,105,92
169584,56,217
169587,77,108
169599,158,103
169605,236,177
169606,67,129
169688,53,365
169737,3,166
