number of commits,number of users
1,28896
2,15423
3,10621
4,7817
5,5278
6,5320
7,3432
8,3420
9,3011
10,2670
11,2219
12,2425
13,1753
14,1804
15,1699
16,1656
17,1328
18,1405
19,1166
20,1119
21,1092
22,1081
23,904
24,1096
25,861
26,879
27,768
28,865
29,729
30,703
31,657
32,711
33,678
34,641
35,578
36,642
37,573
38,530
39,512
40,558
41,491
42,528
43,508
44,495
45,444
46,453
47,420
48,431
49,425
50,383
51,409
52,398
53,348
54,379
55,384
56,352
57,358
58,353
59,316
60,332
61,321
62,319
63,302
64,284
65,262
66,304
67,261
68,309
69,271
70,286
71,268
72,264
73,225
74,279
75,275
76,256
77,237
78,240
79,220
80,248
81,209
82,203
83,222
84,201
85,228
86,215
87,197
88,218
89,201
90,194
91,209
92,170
93,193
94,187
95,174
96,176
97,173
98,160
99,175
100,197
101,158
102,163
103,154
104,173
105,158
106,152
107,157
108,145
109,157
110,162
111,141
112,142
113,138
114,152
115,131
116,141
117,126
118,145
119,139
120,119
121,134
122,132
123,129
124,138
125,124
126,116
127,94
128,128
129,133
130,117
131,119
132,101
133,105
134,107
135,116
136,86
137,99
138,96
139,89
140,119
141,99
142,110
143,104
144,110
145,97
146,120
147,97
148,109
149,92
150,112
151,89
152,108
153,91
154,111
155,91
156,91
157,74
158,88
159,85
160,81
161,85
162,92
163,105
164,83
165,93
166,79
167,77
168,83
169,100
170,94
171,79
172,79
173,72
174,78
175,73
176,80
177,74
178,74
179,72
180,73
181,64
182,74
183,74
184,65
185,60
186,112
187,71
188,84
189,62
190,61
191,73
192,81
193,57
194,62
195,68
196,66
197,59
198,51
199,71
200,57
201,66
202,58
203,76
204,75
205,70
206,56
207,58
208,59
209,49
210,70
211,67
212,64
213,63
214,56
215,75
216,76
217,56
218,53
219,72
220,54
221,49
222,55
223,58
224,45
225,45
226,52
227,48
228,52
229,59
230,53
231,46
232,40
233,58
234,54
235,62
236,55
237,58
238,52
239,56
240,52
241,40
242,34
243,51
244,50
245,61
246,51
247,57
248,52
249,48
250,46
251,53
252,60
253,48
254,51
255,32
256,47
257,39
258,46
259,40
260,42
261,53
262,35
263,53
264,50
265,34
266,50
267,51
268,46
269,32
270,37
271,53
272,35
273,35
274,36
275,47
276,41
277,34
278,41
279,36
280,35
281,43
282,37
283,38
284,35
285,33
286,31
287,42
288,38
289,31
290,39
291,34
292,36
293,39
294,33
295,37
296,36
297,33
298,37
299,24
300,33
301,30
302,31
303,41
304,36
305,32
306,28
307,35
308,38
309,47
310,24
311,34
312,28
313,34
314,36
315,38
316,32
317,28
318,37
319,30
320,42
321,36
322,27
323,25
324,22
325,22
326,32
327,20
328,20
329,24
330,32
331,29
332,28
333,27
334,36
335,33
336,31
337,18
338,31
339,20
340,23
341,23
342,25
343,26
344,29
345,35
346,30
347,24
348,36
349,25
350,31
351,23
352,31
353,21
354,24
355,39
356,28
357,27
358,31
359,29
360,29
361,27
362,28
363,27
364,28
365,28
366,21
367,32
368,32
369,21
370,33
371,31
372,30
373,20
374,26
375,25
376,21
377,21
378,26
379,45
380,27
381,23
382,17
383,19
384,25
385,21
386,26
387,15
388,19
389,27
390,18
391,21
392,24
393,18
394,20
395,23
396,38
397,19
398,26
399,18
400,20
401,17
402,27
403,22
404,24
405,25
406,14
407,29
408,28
409,20
410,23
411,26
412,11
413,21
414,16
415,22
416,21
417,25
418,19
419,14
420,14
421,13
422,17
423,21
424,23
425,18
426,14
427,17
428,22
429,14
430,14
431,23
432,23
433,20
434,23
435,22
436,22
437,27
438,24
439,28
440,19
441,19
442,19
443,18
444,21
445,17
446,24
447,22
448,14
449,17
450,22
451,20
452,13
453,25
454,22
455,20
456,30
457,28
458,21
459,16
460,17
461,11
462,16
463,19
464,18
465,19
466,10
467,23
468,18
469,17
470,21
471,22
472,15
473,17
474,12
475,14
476,12
477,10
478,12
479,14
480,14
481,17
482,11
483,10
484,20
485,23
486,14
487,13
488,16
489,19
490,15
491,18
492,20
493,18
494,22
495,25
496,11
497,22
498,13
499,13
500,16
501,15
502,17
503,14
504,16
505,17
506,17
507,19
508,18
509,9
510,17
511,14
512,13
513,14
514,11
515,20
516,9
517,14
518,22
519,17
520,16
521,21
522,11
523,14
524,8
525,10
526,15
527,11
528,16
529,13
530,6
531,16
532,17
533,7
534,18
535,12
536,14
537,16
538,12
539,14
540,16
541,14
542,23
543,12
544,14
545,10
546,13
547,7
548,12
549,13
550,12
551,13
552,13
553,17
554,13
555,13
556,12
557,15
558,15
559,17
560,11
561,9
562,11
563,16
564,18
565,7
566,15
567,8
568,10
569,20
570,9
571,10
572,17
573,15
574,11
575,10
576,10
577,11
578,18
579,14
580,11
581,10
582,9
583,12
584,13
585,14
586,8
587,15
588,7
589,11
590,7
591,6
592,18
593,9
594,5
595,9
596,11
597,7
598,9
599,7
600,9
601,13
602,14
603,12
604,6
605,14
606,12
607,14
608,8
609,8
610,11
611,11
612,6
613,12
614,14
615,10
616,5
617,9
618,8
619,14
620,13
621,4
622,14
623,4
624,14
625,13
626,12
627,13
628,16
629,9
630,13
631,7
632,14
633,10
634,8
635,9
636,6
637,9
638,15
639,8
640,7
641,9
642,14
643,12
644,14
645,16
646,14
647,12
648,7
649,8
650,8
651,10
652,5
653,11
654,7
655,8
656,14
657,11
658,8
659,7
660,6
661,6
662,11
663,6
664,15
665,3
666,8
667,10
668,8
669,6
670,6
671,11
672,6
673,14
674,12
675,5
676,13
677,7
678,4
679,7
680,12
681,4
682,10
683,8
684,7
685,10
686,6
687,12
688,10
689,7
690,3
691,6
692,8
693,9
694,14
695,8
696,12
697,14
698,4
699,9
700,11
701,6
702,6
703,6
704,6
705,7
706,8
707,8
708,9
709,10
710,2
711,3
712,8
713,9
714,6
715,6
716,4
717,7
718,11
719,7
720,9
721,5
722,8
723,10
724,13
725,8
726,5
727,15
728,6
729,4
730,6
731,10
732,13
733,11
734,5
735,4
736,3
737,4
738,6
739,8
740,12
741,5
742,5
743,5
744,7
745,9
746,7
747,5
748,14
749,6
750,5
751,5
752,7
753,9
754,12
755,10
756,7
757,9
758,5
759,8
760,10
761,6
762,5
763,7
764,2
765,8
766,9
767,5
768,12
769,7
770,4
771,9
772,7
773,6
774,6
775,9
776,6
777,14
778,6
779,8
780,5
781,8
782,9
783,6
784,9
785,10
786,8
787,8
788,6
789,5
790,5
791,5
792,6
793,3
794,6
795,10
796,4
797,4
798,3
799,8
800,8
801,13
802,9
803,3
804,4
805,5
806,6
807,6
808,5
809,5
810,7
811,3
812,11
813,7
814,5
815,7
816,6
817,4
818,10
819,7
820,2
821,4
822,8
823,5
824,9
825,11
826,7
827,6
828,4
829,3
830,4
831,5
832,2
833,3
834,2
835,4
836,7
837,6
838,3
839,4
840,6
841,6
842,4
843,8
844,4
845,5
846,6
847,3
848,7
849,6
850,6
851,9
852,7
853,3
854,5
855,4
856,7
857,4
858,7
859,5
860,5
861,12
862,7
863,6
864,10
865,2
866,12
867,7
868,4
869,7
870,5
871,1
872,3
873,10
874,3
875,5
876,7
877,7
878,7
879,5
880,4
881,5
882,8
883,10
884,5
885,2
886,5
887,9
888,5
889,3
890,5
891,6
892,4
893,4
894,2
895,8
896,4
897,8
898,4
899,4
900,8
901,2
902,5
903,6
904,3
905,2
906,6
907,7
908,5
909,6
910,1
911,3
912,8
913,5
914,3
915,4
916,6
917,7
918,6
919,5
920,8
921,3
922,9
923,3
924,3
925,6
926,3
927,6
928,2
929,2
930,4
931,9
932,4
933,3
934,3
935,8
936,4
937,7
938,4
939,2
940,5
941,3
942,6
943,7
944,5
945,6
946,8
947,1
948,4
949,7
950,5
951,5
952,6
953,4
954,4
955,6
956,6
957,5
958,4
959,7
960,3
961,5
962,6
963,6
964,8
965,3
966,1
967,3
968,1
969,5
970,4
971,3
972,3
973,3
974,10
975,3
976,6
977,7
979,2
980,2
981,7
982,4
983,2
984,6
985,3
986,2
987,2
988,4
989,6
990,7
991,6
992,6
993,6
994,8
995,3
996,3
997,3
998,7
999,5
1000,9
1001,2
1002,4
1003,6
1004,7
1005,2
1006,6
1007,6
1008,4
1009,5
1010,4
1011,3
1012,5
1013,6
1014,6
1015,7
1016,4
1017,3
1018,3
1019,6
1020,5
1021,3
1022,5
1023,9
1024,4
1025,4
1026,1
1027,4
1028,7
1029,4
1030,6
1031,2
1032,5
1033,3
1034,4
1035,3
1036,3
1037,1
1038,1
1039,5
1040,4
1041,5
1042,4
1043,7
1044,7
1045,8
1046,6
1047,5
1048,6
1049,3
1050,3
1051,3
1052,8
1053,2
1054,4
1055,5
1056,4
1057,7
1058,5
1059,1
1061,3
1062,4
1064,5
1065,9
1066,5
1067,1
1068,1
1069,1
1070,4
1071,3
1072,3
1073,1
1074,5
1075,1
1076,3
1077,2
1078,6
1079,3
1080,4
1081,4
1082,1
1083,3
1084,5
1085,3
1086,6
1087,3
1088,7
1089,3
1090,4
1091,6
1092,5
1093,1
1094,4
1095,4
1096,3
1097,7
1098,4
1099,6
1100,7
1101,3
1102,2
1103,3
1104,2
1105,2
1106,4
1107,4
1108,3
1109,6
1110,8
1111,1
1112,4
1113,2
1115,8
1116,9
1117,3
1118,4
1119,1
1120,2
1121,2
1122,1
1123,4
1124,4
1126,3
1127,3
1128,2
1130,6
1131,3
1132,1
1133,4
1134,3
1135,1
1136,6
1137,1
1138,1
1139,3
1140,4
1142,3
1143,5
1144,2
1145,3
1146,3
1147,2
1148,1
1149,1
1150,5
1151,3
1152,2
1153,5
1154,3
1155,3
1156,3
1157,2
1158,6
1159,7
1160,5
1161,1
1162,1
1163,4
1164,3
1165,6
1166,4
1167,8
1168,2
1169,3
1170,3
1171,5
1172,3
1173,7
1174,2
1175,5
1176,1
1177,2
1178,4
1179,2
1180,3
1181,3
1182,4
1183,3
1184,2
1185,1
1186,3
1187,2
1188,2
1189,3
1190,1
1191,4
1192,1
1193,2
1194,1
1195,4
1196,5
1197,5
1198,3
1199,2
1200,6
1201,5
1202,1
1203,2
1204,1
1205,4
1206,3
1207,4
1208,2
1209,3
1210,6
1211,3
1212,3
1213,4
1215,1
1216,1
1217,3
1218,3
1220,3
1221,3
1222,2
1223,1
1225,1
1226,2
1228,6
1230,3
1231,5
1232,2
1233,5
1234,4
1235,1
1236,2
1238,3
1239,3
1240,3
1241,4
1242,3
1243,3
1244,4
1245,4
1247,4
1248,2
1249,4
1250,4
1251,2
1252,4
1253,2
1254,4
1255,5
1256,2
1257,3
1258,4
1259,4
1260,4
1261,3
1262,4
1263,2
1264,5
1265,2
1266,2
1267,3
1268,2
1270,3
1271,4
1272,3
1273,2
1274,4
1275,2
1276,2
1277,4
1278,4
1279,4
1280,1
1281,3
1282,2
1283,4
1284,6
1285,1
1286,4
1287,4
1288,3
1289,3
1290,3
1291,1
1292,1
1293,2
1294,2
1296,5
1297,5
1298,1
1299,4
1300,3
1301,2
1302,6
1303,4
1304,3
1305,3
1306,1
1307,1
1308,2
1309,1
1311,3
1312,2
1313,2
1314,1
1315,4
1316,1
1317,3
1318,1
1319,5
1320,2
1321,1
1322,2
1323,2
1324,4
1325,4
1326,8
1327,2
1328,5
1329,2
1330,2
1331,2
1332,4
1333,2
1334,3
1335,3
1336,2
1337,2
1338,5
1339,2
1340,3
1341,3
1342,4
1343,5
1344,3
1345,4
1346,1
1347,4
1351,2
1352,2
1353,2
1354,2
1355,2
1356,3
1357,2
1358,3
1359,3
1360,4
1361,4
1362,1
1363,2
1364,2
1365,1
1367,1
1368,4
1369,6
1370,3
1371,3
1372,6
1373,3
1374,4
1375,2
1376,2
1379,4
1380,2
1381,1
1382,4
1383,1
1385,1
1386,3
1387,1
1389,2
1390,3
1391,2
1392,6
1393,2
1394,1
1395,1
1396,2
1397,2
1398,1
1400,4
1401,1
1402,7
1403,3
1404,1
1405,3
1406,1
1407,2
1408,2
1409,4
1410,1
1411,3
1413,2
1414,2
1416,4
1417,4
1419,4
1420,3
1421,1
1422,2
1424,4
1426,9
1427,2
1428,2
1429,3
1430,2
1431,4
1433,1
1434,1
1435,4
1437,1
1438,1
1439,2
1440,3
1441,3
1442,1
1443,5
1444,2
1445,6
1446,2
1447,2
1448,2
1449,1
1450,3
1451,2
1452,2
1453,1
1454,2
1455,1
1456,1
1457,1
1458,2
1459,2
1460,1
1461,3
1462,1
1463,1
1464,1
1465,1
1466,4
1467,2
1468,2
1469,2
1470,2
1471,3
1472,1
1474,3
1475,4
1476,2
1477,3
1479,3
1481,1
1482,1
1483,3
1484,2
1487,2
1488,2
1489,1
1491,2
1492,1
1493,2
1495,1
1498,1
1499,1
1500,2
1501,3
1502,2
1503,1
1504,3
1505,1
1506,2
1507,2
1509,1
1510,2
1511,1
1512,6
1513,2
1514,4
1515,2
1516,1
1517,2
1518,1
1520,2
1521,1
1522,1
1523,1
1524,1
1525,1
1526,3
1528,2
1529,1
1530,2
1531,3
1532,4
1533,3
1534,2
1535,3
1536,3
1537,2
1538,1
1539,2
1540,3
1542,8
1543,3
1546,3
1547,2
1549,2
1550,3
1551,1
1552,2
1553,2
1554,3
1555,1
1556,2
1557,2
1558,1
1559,1
1560,3
1561,4
1562,2
1563,3
1564,2
1565,1
1567,3
1568,2
1572,1
1573,2
1574,3
1575,2
1576,1
1577,1
1578,1
1580,1
1581,3
1582,3
1583,3
1584,2
1585,1
1586,1
1587,2
1588,2
1589,3
1590,4
1591,2
1592,1
1593,4
1594,2
1595,1
1596,1
1597,2
1598,2
1599,1
1600,1
1601,1
1602,1
1603,2
1604,3
1605,1
1606,1
1607,5
1608,5
1609,2
1611,1
1613,1
1614,4
1615,1
1617,3
1618,2
1619,1
1620,1
1622,1
1623,5
1624,1
1625,1
1627,2
1628,3
1629,2
1631,1
1634,1
1636,3
1637,2
1639,2
1641,1
1642,1
1643,1
1644,1
1645,1
1646,2
1647,1
1648,2
1649,1
1650,4
1651,1
1652,4
1654,1
1655,2
1656,2
1657,2
1658,1
1659,2
1660,4
1661,1
1662,2
1663,1
1664,1
1665,2
1666,3
1667,1
1668,3
1669,6
1671,1
1672,3
1673,1
1675,2
1676,1
1679,2
1680,1
1681,2
1682,3
1684,1
1685,2
1686,1
1687,1
1689,2
1690,2
1691,1
1692,3
1695,3
1696,2
1697,1
1698,2
1699,2
1701,2
1703,2
1704,1
1705,2
1706,2
1707,2
1708,2
1710,2
1712,2
1713,1
1714,3
1717,3
1718,2
1719,1
1721,2
1723,3
1724,2
1725,1
1726,2
1727,3
1728,3
1730,4
1731,4
1733,1
1735,3
1736,1
1737,1
1738,2
1739,1
1740,2
1741,3
1742,3
1743,1
1744,2
1745,1
1746,1
1747,1
1750,4
1751,2
1753,1
1754,5
1755,2
1756,2
1757,3
1760,1
1761,2
1762,1
1763,1
1764,1
1765,4
1766,1
1767,1
1768,2
1769,3
1771,1
1772,2
1774,2
1775,1
1778,2
1780,1
1781,1
1782,1
1783,1
1784,1
1785,2
1786,1
1788,2
1789,3
1790,3
1791,1
1792,1
1793,4
1794,1
1795,3
1796,1
1797,1
1798,2
1800,1
1801,2
1802,1
1803,1
1804,1
1805,3
1807,1
1809,1
1811,1
1813,3
1815,2
1817,2
1818,5
1819,1
1820,2
1821,3
1822,1
1823,1
1824,4
1825,1
1826,4
1827,1
1828,4
1831,1
1832,1
1833,3
1834,1
1835,3
1836,1
1837,2
1838,4
1842,3
1843,2
1844,2
1845,4
1846,1
1847,4
1848,1
1849,1
1850,2
1853,2
1854,1
1856,1
1857,2
1859,2
1861,3
1862,4
1863,2
1865,3
1867,3
1868,2
1870,2
1871,2
1872,2
1873,1
1874,3
1875,3
1876,1
1877,1
1880,1
1882,2
1884,1
1885,2
1887,3
1888,2
1890,1
1891,2
1892,4
1895,2
1896,2
1897,2
1899,1
1901,4
1902,1
1903,2
1904,2
1905,3
1906,4
1907,4
1908,1
1909,1
1910,1
1911,1
1912,1
1913,1
1914,1
1915,1
1916,3
1917,1
1918,2
1919,1
1921,1
1922,2
1923,2
1925,1
1926,1
1927,1
1931,1
1932,2
1933,3
1934,1
1935,2
1936,1
1938,2
1939,1
1940,1
1941,2
1944,1
1945,1
1946,1
1947,2
1948,2
1950,1
1952,1
1953,1
1954,3
1956,2
1957,1
1958,2
1962,1
1963,1
1964,2
1966,3
1968,3
1969,2
1970,2
1971,1
1972,2
1973,1
1974,2
1975,1
1981,3
1982,1
1985,4
1986,1
1987,1
1988,1
1989,4
1990,1
1991,1
1992,3
1995,1
1997,2
1998,2
1999,1
2001,3
2002,1
2005,4
2006,2
2007,2
2008,1
2010,1
2011,1
2013,5
2014,2
2015,1
2016,1
2017,1
2018,1
2019,2
2020,2
2021,5
2024,1
2025,1
2026,1
2027,2
2028,1
2029,1
2030,1
2034,2
2035,3
2036,1
2037,1
2038,1
2041,3
2042,1
2044,2
2045,2
2046,1
2047,1
2048,1
2051,1
2052,2
2054,2
2055,1
2056,2
2058,1
2059,1
2060,3
2061,2
2062,1
2063,1
2067,2
2070,1
2074,2
2076,1
2077,3
2079,2
2080,3
2081,3
2082,2
2083,1
2084,1
2086,2
2088,1
2092,2
2093,5
2095,2
2096,1
2097,2
2098,2
2099,1
2100,1
2101,2
2102,3
2103,2
2104,2
2107,1
2109,2
2110,1
2113,3
2114,1
2115,2
2119,2
2120,1
2121,1
2123,1
2124,1
2125,4
2127,1
2128,3
2130,1
2131,1
2132,3
2136,1
2139,2
2140,1
2141,2
2142,1
2144,1
2145,3
2148,2
2151,2
2154,1
2156,3
2157,1
2158,2
2159,1
2160,1
2162,1
2163,2
2164,2
2165,2
2166,2
2167,1
2168,1
2169,2
2170,1
2171,1
2172,2
2173,2
2174,2
2175,1
2176,1
2179,3
2180,1
2181,1
2182,3
2185,2
2188,2
2189,3
2190,1
2191,3
2193,1
2194,1
2195,1
2196,2
2198,1
2199,3
2200,3
2201,2
2203,3
2205,1
2207,1
2211,2
2212,2
2213,1
2214,1
2215,2
2216,1
2217,2
2219,1
2221,1
2222,1
2223,3
2224,2
2228,2
2229,3
2230,1
2231,1
2233,2
2234,1
2235,2
2237,2
2244,3
2246,2
2247,3
2248,1
2250,1
2251,3
2253,2
2254,2
2256,1
2257,1
2259,4
2261,1
2265,1
2267,1
2268,1
2271,2
2272,1
2275,1
2276,1
2277,1
2281,3
2282,1
2283,1
2284,1
2286,1
2288,1
2294,1
2296,2
2297,2
2299,1
2300,1
2303,1
2305,1
2306,1
2307,1
2309,1
2310,1
2312,1
2313,1
2314,2
2315,1
2316,1
2317,1
2318,1
2319,2
2320,1
2321,1
2323,1
2324,2
2326,1
2328,1
2329,1
2330,1
2332,2
2333,1
2336,4
2340,2
2342,1
2343,2
2344,2
2345,1
2347,1
2348,1
2351,1
2353,2
2355,1
2356,1
2357,1
2359,1
2360,1
2362,2
2363,1
2364,1
2368,1
2369,3
2370,1
2372,1
2377,2
2378,1
2380,1
2382,1
2384,1
2386,1
2388,1
2389,1
2390,1
2393,3
2396,1
2398,1
2400,1
2402,1
2403,1
2404,2
2405,2
2408,1
2411,1
2412,1
2416,3
2417,2
2418,1
2420,1
2422,1
2423,1
2427,2
2429,1
2431,1
2432,1
2433,1
2434,1
2437,2
2438,2
2440,1
2441,1
2442,1
2445,1
2450,1
2451,2
2453,1
2454,1
2455,1
2456,1
2457,1
2460,1
2466,2
2468,3
2469,1
2470,1
2472,2
2476,1
2478,1
2482,1
2485,2
2486,1
2491,1
2494,1
2496,1
2498,1
2500,1
2502,3
2503,2
2504,2
2511,1
2512,1
2513,1
2514,1
2515,1
2518,2
2519,1
2521,1
2522,1
2525,1
2527,1
2529,2
2534,2
2535,1
2538,3
2541,1
2542,1
2549,2
2550,1
2552,2
2554,3
2557,1
2558,1
2559,1
2561,1
2562,1
2566,1
2567,1
2570,1
2573,1
2574,1
2576,1
2578,1
2580,2
2581,2
2583,1
2588,2
2590,1
2593,1
2596,1
2599,1
2600,1
2602,2
2605,1
2611,1
2612,1
2613,1
2614,1
2618,3
2620,2
2621,1
2622,1
2624,2
2625,2
2627,1
2628,1
2629,1
2636,1
2638,2
2640,2
2641,3
2642,2
2643,1
2647,1
2648,2
2651,1
2653,2
2657,2
2661,1
2663,2
2667,1
2668,1
2670,2
2675,2
2678,1
2680,2
2682,2
2686,2
2688,1
2689,1
2695,1
2698,1
2700,1
2701,1
2703,1
2704,1
2705,2
2706,1
2708,1
2710,2
2712,1
2713,1
2714,1
2716,1
2718,1
2719,1
2722,2
2723,2
2726,1
2728,1
2729,2
2730,2
2732,1
2733,1
2738,3
2744,2
2745,1
2746,1
2750,1
2752,1
2754,1
2756,1
2759,1
2765,1
2767,1
2768,1
2769,1
2771,2
2772,1
2773,1
2774,1
2775,1
2776,1
2778,2
2782,1
2785,2
2786,1
2789,1
2792,1
2796,1
2797,1
2798,1
2802,1
2805,1
2807,1
2810,1
2811,1
2813,1
2816,1
2819,1
2824,2
2829,1
2830,1
2833,1
2834,1
2836,1
2837,1
2840,1
2842,1
2847,2
2848,1
2851,2
2854,2
2855,1
2857,1
2859,1
2860,1
2866,1
2872,1
2874,2
2878,1
2887,1
2889,2
2891,1
2894,2
2895,1
2898,1
2899,2
2903,1
2906,1
2907,1
2914,1
2915,1
2916,2
2920,2
2921,1
2922,1
2925,3
2930,1
2931,2
2937,1
2941,1
2944,1
2949,1
2951,2
2952,1
2953,1
2960,1
2962,1
2963,1
2968,2
2971,1
2972,1
2973,1
2977,1
2978,1
2979,1
2981,1
2989,1
2992,2
2994,1
2995,1
2996,1
2997,1
2998,1
2999,1
3001,1
3010,1
3013,2
3015,1
3016,1
3017,1
3020,1
3023,1
3025,1
3026,1
3027,1
3028,1
3031,2
3035,1
3036,1
3040,1
3041,1
3042,1
3047,1
3049,1
3050,1
3053,1
3054,2
3063,1
3064,1
3068,1
3072,1
3076,1
3079,2
3081,1
3082,1
3087,1
3089,1
3092,1
3101,2
3104,1
3106,1
3112,1
3120,1
3121,1
3123,1
3136,1
3137,1
3138,1
3141,1
3144,1
3146,1
3151,2
3155,1
3159,1
3160,1
3161,2
3162,1
3163,1
3168,1
3169,1
3174,1
3175,1
3178,2
3180,1
3186,1
3187,3
3191,1
3192,1
3195,1
3202,2
3204,1
3217,1
3220,1
3222,1
3223,1
3224,1
3225,1
3228,2
3230,1
3231,1
3232,1
3237,1
3238,1
3240,1
3241,1
3246,1
3250,1
3251,1
3254,1
3255,2
3256,1
3258,2
3261,1
3263,2
3265,3
3266,1
3268,2
3273,2
3275,1
3276,1
3286,2
3293,1
3297,1
3298,1
3309,1
3311,1
3312,2
3314,1
3317,1
3318,1
3319,1
3320,1
3321,3
3325,1
3329,1
3332,1
3338,1
3340,1
3346,1
3350,1
3353,1
3360,1
3361,2
3364,1
3371,1
3374,1
3376,1
3377,1
3386,1
3388,1
3389,1
3393,1
3395,2
3401,2
3406,1
3409,1
3412,1
3413,2
3414,1
3418,2
3421,1
3424,1
3429,1
3431,1
3439,3
3446,2
3453,1
3457,2
3458,1
3461,1
3463,1
3464,1
3468,1
3475,1
3476,1
3477,1
3481,1
3485,1
3488,2
3489,1
3490,2
3492,1
3494,1
3496,1
3500,2
3502,1
3508,1
3517,1
3520,1
3527,1
3528,1
3529,1
3533,1
3538,1
3539,1
3553,1
3557,1
3560,1
3561,1
3565,1
3566,1
3571,1
3577,1
3578,1
3579,1
3585,1
3587,1
3588,1
3592,1
3601,1
3605,1
3608,1
3609,1
3610,1
3611,1
3613,1
3614,1
3615,1
3617,1
3618,1
3630,1
3631,2
3635,2
3636,1
3637,1
3638,2
3640,1
3647,1
3651,1
3652,2
3655,1
3669,1
3671,1
3674,1
3675,1
3680,2
3682,1
3687,1
3691,1
3696,1
3700,1
3709,1
3712,1
3715,1
3720,2
3723,1
3729,1
3735,1
3740,1
3741,2
3745,1
3746,1
3755,1
3756,2
3758,1
3771,1
3776,1
3778,2
3792,1
3795,1
3799,1
3814,1
3818,1
3819,2
3820,1
3829,2
3830,1
3833,2
3839,1
3840,1
3849,1
3852,2
3856,2
3858,1
3861,1
3862,1
3864,1
3871,1
3876,1
3882,1
3884,1
3892,1
3894,1
3900,1
3911,1
3914,1
3917,2
3918,1
3926,2
3941,1
3943,1
3948,1
3949,1
3951,1
3960,1
3962,1
3969,2
3979,2
3986,1
3999,1
4000,1
4010,1
4016,1
4017,1
4025,1
4029,1
4032,2
4033,1
4041,1
4043,1
4046,1
4054,1
4055,2
4060,1
4062,2
4066,1
4071,1
4073,1
4076,1
4080,1
4084,1
4085,1
4086,1
4090,1
4094,1
4099,1
4106,1
4108,1
4110,1
4111,1
4116,1
4130,1
4134,1
4136,1
4140,1
4141,1
4157,1
4158,1
4161,2
4163,1
4169,1
4174,2
4179,1
4188,2
4191,1
4219,1
4227,1
4233,1
4235,2
4236,1
4243,1
4262,1
4266,1
4283,1
4284,1
4285,1
4290,1
4296,1
4303,1
4308,1
4309,1
4313,1
4314,1
4315,1
4317,1
4321,1
4323,1
4333,1
4337,1
4342,1
4349,1
4352,2
4353,1
4360,2
4366,2
4376,1
4382,1
4383,1
4384,1
4396,2
4405,1
4413,1
4423,1
4429,1
4432,2
4434,1
4436,1
4438,1
4456,1
4457,1
4464,1
4473,1
4475,1
4479,2
4480,1
4487,1
4494,1
4500,2
4501,2
4506,2
4512,1
4517,1
4540,1
4552,1
4562,1
4566,1
4582,1
4587,1
4590,1
4592,1
4599,1
4601,1
4607,2
4618,2
4626,1
4627,1
4643,1
4655,1
4656,1
4661,1
4663,1
4664,1
4672,1
4688,1
4689,1
4694,1
4698,2
4704,1
4711,2
4715,1
4727,1
4733,1
4740,1
4743,1
4763,1
4764,1
4766,1
4773,1
4774,1
4776,1
4777,1
4781,1
4784,1
4802,1
4803,1
4804,1
4807,1
4816,2
4820,1
4831,1
4832,1
4839,1
4844,1
4848,1
4856,2
4858,1
4863,1
4865,2
4867,1
4869,1
4876,1
4882,2
4891,1
4892,1
4896,1
4899,1
4912,1
4913,1
4914,1
4919,2
4925,1
4926,1
4946,1
4949,1
4951,1
4952,1
4965,1
4966,1
4979,1
4992,1
4996,1
5024,1
5040,1
5041,1
5049,1
5050,1
5054,1
5059,1
5072,1
5074,1
5083,1
5084,1
5100,1
5123,1
5142,1
5143,1
5144,1
5170,1
5180,1
5181,1
5190,1
5191,1
5194,1
5210,1
5216,1
5219,2
5222,1
5223,1
5231,1
5235,1
5254,1
5265,1
5270,1
5271,2
5273,1
5275,1
5287,1
5301,1
5310,1
5313,1
5315,1
5326,1
5327,1
5332,1
5336,2
5338,1
5344,1
5361,1
5366,1
5376,1
5377,1
5380,1
5384,1
5392,1
5393,1
5400,1
5406,1
5411,1
5426,1
5427,1
5440,1
5441,1
5446,1
5448,1
5449,1
5451,1
5452,1
5457,1
5459,1
5473,1
5484,1
5491,1
5493,2
5507,2
5513,1
5530,1
5546,1
5553,1
5558,1
5559,1
5562,2
5570,1
5594,1
5595,1
5598,1
5610,1
5617,1
5618,1
5620,2
5630,2
5631,1
5640,1
5646,1
5650,1
5654,1
5656,1
5662,1
5663,1
5671,1
5672,1
5676,1
5683,1
5684,1
5686,2
5700,1
5704,1
5710,2
5716,1
5717,1
5722,1
5723,1
5724,1
5732,1
5735,1
5746,1
5750,1
5761,1
5771,1
5784,1
5791,1
5798,1
5803,1
5816,1
5818,1
5829,2
5830,1
5835,1
5843,1
5850,1
5866,1
5870,1
5878,1
5882,1
5887,1
5896,2
5900,1
5902,1
5921,1
5929,1
5942,1
5944,1
5950,1
5964,1
5965,1
5972,1
5976,1
5983,1
5991,1
5998,1
6009,1
6024,1
6025,1
6032,1
6042,1
6044,1
6055,1
6061,1
6065,1
6068,1
6076,1
6081,1
6085,1
6087,1
6121,1
6126,1
6127,1
6143,1
6163,1
6166,1
6176,1
6178,1
6183,1
6189,1
6193,1
6197,1
6204,1
6212,1
6234,1
6238,1
6252,1
6256,1
6264,1
6270,1
6292,1
6294,1
6320,1
6323,1
6326,1
6333,1
6372,2
6377,1
6387,1
6421,1
6422,1
6433,1
6436,1
6437,1
6465,1
6471,1
6478,1
6480,1
6483,1
6485,1
6497,1
6503,1
6504,1
6505,1
6506,1
6508,1
6525,1
6527,1
6528,1
6550,1
6573,1
6576,1
6578,1
6596,1
6597,1
6604,1
6606,1
6659,1
6693,1
6703,1
6706,1
6718,1
6749,1
6768,1
6770,1
6778,1
6797,1
6822,1
6841,1
6844,1
6847,1
6857,1
6865,1
6879,1
6893,1
6896,1
6903,1
6912,1
6913,1
6915,1
6945,1
6949,1
6954,1
6966,1
6979,1
6996,1
7023,2
7075,1
7086,1
7100,1
7101,1
7122,1
7129,1
7135,1
7169,1
7170,1
7185,1
7189,1
7196,1
7213,1
7222,1
7255,1
7262,1
7267,1
7273,1
7275,1
7282,1
7283,1
7296,1
7300,1
7304,1
7315,1
7325,1
7332,1
7335,1
7382,1
7397,1
7403,1
7426,1
7448,1
7456,2
7461,1
7463,1
7489,1
7518,1
7523,1
7546,1
7555,1
7581,1
7603,1
7604,1
7619,1
7624,1
7675,1
7682,1
7697,1
7728,1
7730,1
7740,1
7756,1
7757,1
7763,1
7774,1
7849,1
7868,1
7873,1
7887,1
7904,1
7929,1
7934,1
7935,1
7936,1
7938,1
7951,1
7963,1
7983,1
7996,1
8030,1
8049,1
8082,1
8090,1
8110,1
8120,1
8124,1
8133,1
8139,1
8155,1
8200,1
8214,1
8220,1
8269,1
8272,1
8273,1
8277,1
8279,1
8307,1
8329,1
8359,1
8395,1
8401,1
8430,1
8443,1
8471,1
8510,1
8539,1
8640,1
8647,1
8654,1
8664,1
8665,1
8678,1
8687,1
8709,1
8711,1
8717,1
8726,1
8789,1
8818,1
8871,1
8967,1
8990,1
9009,1
9014,1
9040,1
9041,1
9046,1
9071,1
9089,1
9091,1
9095,1
9099,1
9123,1
9132,1
9143,1
9179,1
9186,1
9203,1
9218,1
9255,1
9282,1
9284,1
9286,1
9347,1
9357,1
9411,1
9423,1
9443,2
9474,1
9488,1
9511,1
9543,1
9559,1
9562,1
9579,1
9608,1
9611,1
9620,1
9624,1
9628,1
9668,1
9685,1
9687,1
9700,1
9738,1
9800,1
9815,1
9847,1
9903,1
9919,1
9933,2
9958,1
9966,1
10044,1
10102,1
10104,1
10132,1
10159,2
10176,1
10285,1
10340,1
10370,1
10437,1
10530,1
10583,1
10599,1
10603,1
10605,1
10620,1
10642,1
10650,1
10678,1
10686,1
10783,1
10856,1
10865,1
10912,1
10926,1
10927,1
10929,1
11048,1
11083,1
11135,1
11167,1
11170,1
11272,1
11335,1
11445,1
11529,1
11545,1
11549,1
11592,1
11609,1
11632,1
11650,1
11675,1
11677,1
11680,1
11696,1
11705,1
11709,1
11781,1
11869,1
11871,1
11944,1
11951,1
12034,1
12082,1
12095,1
12128,1
12133,1
12221,1
12239,1
12240,1
12296,1
12365,1
12401,1
12434,1
12441,1
12474,1
12485,1
12492,1
12506,1
12630,1
12640,1
12683,1
12693,1
12815,1
12900,1
12909,1
12958,1
13014,1
13033,1
13072,1
13113,1
13142,1
13172,1
13215,1
13260,1
13272,1
13346,1
13401,1
13409,1
13536,1
13563,1
13629,1
13633,1
13649,1
13685,1
13708,1
13841,1
13877,1
13963,1
13968,1
13985,1
14002,1
14010,1
14097,1
14358,1
14441,1
14492,1
14544,1
14636,1
14647,1
14660,1
14695,1
14696,1
14749,1
14782,1
14847,1
14881,1
14885,1
14902,1
15071,1
15185,1
15279,1
15286,1
15292,1
15323,1
15357,1
15555,1
15595,1
15710,1
15739,1
15743,1
15760,1
15825,1
15838,1
15935,1
15969,1
16028,1
16040,1
16134,1
16178,1
16202,1
16243,1
16280,1
16308,1
16319,1
16346,1
16408,1
16506,1
16702,1
16738,1
16820,1
16933,1
16988,1
17025,1
17123,1
17663,1
17793,1
17899,1
17969,1
18002,1
18045,1
18145,1
18270,1
18398,1
18601,1
18823,1
19506,1
19564,1
19572,1
19669,1
19712,1
19719,1
19732,1
20067,1
20086,1
20835,1
20948,1
21055,1
21089,1
21129,1
21300,1
21382,1
21478,1
21729,1
21760,1
21854,1
22056,1
22181,1
22292,1
22360,1
22385,1
22686,1
22889,1
23118,1
23219,1
23245,1
23554,1
23701,1
23751,1
23904,1
24243,1
24389,1
24584,1
24636,1
24823,1
24941,1
25035,1
27511,1
27788,1
27791,1
28267,1
28436,1
28466,1
28732,1
29027,1
29329,1
29790,1
30570,1
31126,1
31885,1
32201,1
32252,1
32996,1
33225,1
35609,1
36711,1
36745,1
37080,1
37369,1
37489,1
38424,1
39120,1
39313,1
39338,1
40336,1
40518,1
40803,1
41945,1
42349,1
43679,1
43773,1
45851,1
46515,1
46975,1
48711,1
48733,1
49425,1
49795,1
51021,1
52163,1
52702,1
52839,1
53280,1
54745,1
56900,1
57702,1
57950,1
57966,1
58911,1
59537,1
59552,1
61989,1
67506,1
71800,1
74762,1
75672,1
75881,1
76906,1
78696,1
83287,1
101960,1
106095,1
106212,1
111161,1
126140,1
142453,1
145722,1
152251,1
182200,1
210104,1
262312,1
262468,1
314628,1
357122,1
383216,1
412608,1
418467,1
