session_length_seconds,avg_adopt_time
0,0.0
1,0.0
2,0.4
3,0.6
4,0.0
5,0.0
6,1.6666666666666667
7,0.0
8,1.3333333333333333
9,0.0
10,1.6666666666666667
11,0.0
12,0.0
13,0.0
14,0.0
15,3.0
16,0.0
17,17.0
18,0.0
19,1.7272727272727273
20,2.5
21,0.0
22,0.0
23,0.0
24,0.0
25,0.0
26,6.5
27,3.857142857142857
28,4.666666666666667
29,0.0
30,0.0
31,0.0
32,0.0
33,0.0
34,6.181818181818182
35,0.0
37,0.0
38,4.75
39,7.8
40,0.0
41,0.0
42,0.0
43,8.5
44,0.0
45,0.0
46,7.666666666666667
47,0.0
48,0.0
49,0.0
50,0.0
51,0.0
52,0.0
53,15.9
54,0.0
55,0.0
56,0.0
57,14.25
58,0.0
59,0.0
60,0.0
61,7.625
62,0.0
63,0.0
64,16.0
65,0.0
66,0.0
67,26.8
68,0.0
69,0.0
70,0.0
71,0.0
72,0.0
73,24.333333333333332
74,24.666666666666668
75,37.5
76,19.0
77,0.0
78,0.0
79,52.666666666666664
80,0.0
81,10.125
82,21.875
83,0.0
84,0.0
85,0.0
86,0.0
87,17.4
88,0.0
89,17.8
90,0.0
91,0.0
92,0.0
93,0.0
95,0.0
96,19.2
97,0.0
98,0.0
99,45.0
100,0.0
101,50.5
102,0.0
103,0.0
104,0.0
105,26.25
106,0.0
107,0.0
108,54.0
109,0.0
110,0.0
111,0.0
112,0.0
113,18.833333333333332
114,0.0
115,0.0
116,0.0
117,0.0
118,24.25
119,39.666666666666664
120,18.0
121,24.2
122,0.0
123,0.0
124,12.166666666666666
125,0.0
126,0.0
128,32.0
129,0.0
130,32.5
131,0.0
132,0.0
133,0.0
134,33.5
135,67.5
136,0.0
137,0.0
138,0.0
139,0.0
140,46.666666666666664
141,0.0
142,2.75
143,0.0
144,57.6
145,32.22222222222222
146,0.0
147,48.0
148,0.0
149,0.0
150,0.0
151,151.0
152,38.0
154,0.0
155,0.0
156,0.0
157,0.0
158,0.0
159,0.0
160,17.666666666666668
162,0.0
163,32.6
164,0.0
165,0.0
166,0.0
167,0.0
168,0.0
169,9.25
170,0.0
171,57.0
172,91.25
173,0.0
174,0.0
177,0.0
178,0.0
180,0.0
181,0.0
182,0.0
183,0.0
184,0.0
185,0.0
186,0.0
187,0.0
188,0.0
189,0.0
190,12.0
191,63.666666666666664
192,0.0
193,193.0
194,0.0
196,0.0
197,0.0
198,0.0
200,0.0
201,35.2
203,0.0
204,0.0
205,51.25
206,0.0
208,31.0
209,0.0
210,70.0
211,0.0
212,0.0
213,83.5
214,0.0
216,0.0
217,108.5
218,0.0
220,49.666666666666664
221,0.0
222,0.0
223,0.0
224,0.0
225,0.0
226,0.0
227,32.333333333333336
228,0.0
229,0.0
230,0.0
231,231.0
232,0.0
233,0.0
234,0.0
235,0.0
237,118.5
238,0.0
239,0.0
240,160.0
241,0.0
243,0.0
244,81.33333333333333
246,0.0
247,0.0
249,0.0
250,125.0
251,0.0
252,0.0
253,0.0
254,0.0
255,0.0
256,61.0
257,0.0
258,0.0
259,0.0
260,260.0
261,0.0
262,0.0
263,263.0
268,0.0
269,67.25
270,0.0
271,0.0
272,0.0
275,0.0
276,0.0
278,0.0
279,22.0
280,0.0
281,0.0
282,0.0
283,0.0
284,103.75
285,0.0
287,0.0
288,0.0
289,0.0
290,0.0
291,0.0
292,0.0
293,0.0
295,0.0
296,0.0
297,0.0
298,0.0
300,0.0
302,0.0
304,0.0
306,0.0
307,0.0
309,0.0
310,0.0
311,0.0
312,0.0
314,156.5
316,0.0
317,62.57142857142857
318,0.0
319,0.0
320,0.0
321,0.0
323,28.0
324,0.0
325,0.0
326,0.0
327,0.0
328,0.0
329,0.0
330,0.0
331,0.0
332,0.0
333,0.0
334,0.0
335,83.75
336,0.0
337,0.0
338,0.0
340,0.0
341,0.0
342,0.0
343,0.0
345,0.0
346,0.0
347,0.0
348,0.0
349,0.0
350,0.0
351,0.0
352,0.0
353,0.0
356,0.0
357,0.0
358,0.0
360,33.333333333333336
362,0.0
364,0.0
365,0.0
366,0.0
367,112.33333333333333
371,0.0
373,0.0
374,0.0
375,0.0
376,213.2
378,20.0
379,0.0
381,0.0
382,0.0
383,191.5
384,0.0
386,0.0
387,0.0
389,0.0
391,0.0
392,0.0
393,0.0
394,0.0
395,0.0
397,0.0
398,0.0
400,400.0
401,0.0
402,100.5
403,9.0
404,0.0
405,0.0
406,135.33333333333334
407,0.0
409,394.5
410,0.0
412,0.0
413,413.0
415,0.0
416,0.0
417,0.0
419,0.0
421,0.0
422,0.0
424,0.0
426,0.0
428,0.0
429,0.0
430,78.33333333333333
431,431.0
432,0.0
433,144.33333333333334
435,0.0
436,0.0
437,0.0
439,0.0
440,220.0
441,215.25
444,74.0
446,0.0
447,0.0
448,0.0
449,0.0
452,0.0
453,0.0
455,0.0
457,0.0
458,0.0
459,0.0
460,0.0
461,0.0
462,0.0
463,463.0
464,0.0
465,0.0
467,0.0
468,0.0
469,0.0
470,0.0
472,0.0
473,0.0
474,0.0
475,0.0
476,0.0
477,0.0
478,0.0
481,0.0
483,120.75
484,0.0
485,0.0
486,243.0
487,0.0
490,0.0
492,412.0
493,0.0
494,494.0
495,0.0
496,0.0
498,0.0
499,0.0
501,0.0
502,0.0
504,0.0
505,0.0
506,0.0
508,0.0
509,0.0
511,0.0
512,0.0
513,0.0
514,0.0
515,171.66666666666666
516,0.0
517,0.0
518,0.0
520,173.33333333333334
524,0.0
525,0.0
526,0.0
528,528.0
530,0.0
531,0.0
534,0.0
536,0.0
537,0.0
539,0.0
540,0.0
544,0.0
547,273.5
548,0.0
549,274.5
552,0.0
553,276.5
554,0.0
555,0.0
558,0.0
559,0.0
560,0.0
561,0.0
562,0.0
563,0.0
569,0.0
571,0.0
574,0.0
575,307.0
576,0.0
579,0.0
580,0.0
581,0.0
582,0.0
583,0.0
584,0.0
585,0.0
587,0.0
588,0.0
589,108.66666666666667
594,0.0
595,0.0
597,0.0
599,0.0
600,0.0
605,0.0
607,0.0
608,0.0
609,0.0
610,610.0
611,0.0
612,0.0
614,0.0
615,0.0
616,196.6
618,0.0
621,0.0
622,0.0
624,0.0
626,0.0
628,0.0
629,0.0
630,0.0
631,267.5
632,0.0
634,0.0
635,0.0
636,167.0
639,0.0
640,213.33333333333334
642,0.0
643,0.0
644,0.0
645,0.0
646,0.0
647,0.0
649,150.0
650,0.0
651,0.0
652,0.0
653,0.0
654,0.0
655,0.0
657,0.0
658,0.0
659,0.0
660,0.0
662,0.0
663,0.0
666,0.0
669,0.0
672,0.0
675,0.0
676,192.0
677,0.0
679,0.0
680,0.0
681,454.0
682,0.0
684,0.0
685,0.0
686,0.0
688,0.0
689,0.0
690,0.0
692,0.0
693,0.0
695,0.0
699,0.0
700,0.0
701,0.0
703,0.0
706,0.0
708,0.0
711,0.0
716,0.0
722,0.0
723,0.0
724,0.0
729,0.0
730,0.0
733,366.5
736,736.0
737,737.0
738,738.0
739,0.0
740,0.0
741,0.0
742,0.0
743,0.0
745,0.0
747,0.0
748,0.0
750,0.0
754,0.0
755,0.0
756,0.0
757,0.0
758,0.0
759,0.0
760,0.0
761,0.0
764,0.0
766,766.0
768,0.0
771,0.0
773,386.5
774,757.0
775,575.5
778,0.0
781,0.0
783,0.0
784,0.0
787,0.0
790,0.0
791,0.0
794,0.0
795,0.0
796,0.0
797,0.0
798,167.0
800,0.0
804,0.0
808,0.0
810,0.0
814,0.0
815,0.0
816,398.0
820,0.0
821,410.5
822,0.0
824,383.0
825,275.0
826,0.0
829,0.0
835,0.0
838,279.3333333333333
840,0.0
841,0.0
843,0.0
844,0.0
845,0.0
846,0.0
847,0.0
848,0.0
849,0.0
853,0.0
854,427.0
855,0.0
857,571.3333333333334
859,0.0
861,747.5
865,0.0
866,0.0
867,0.0
871,0.0
873,0.0
877,0.0
878,0.0
880,0.0
888,0.0
890,0.0
891,0.0
893,446.5
894,0.0
895,0.0
896,0.0
898,0.0
899,0.0
900,0.0
901,0.0
902,0.0
903,0.0
904,0.0
906,0.0
907,0.0
909,0.0
910,0.0
911,455.5
912,0.0
914,0.0
915,0.0
916,0.0
917,301.0
919,459.5
920,0.0
921,0.0
924,0.0
927,0.0
929,0.0
931,0.0
937,0.0
948,0.0
950,0.0
952,0.0
953,0.0
957,0.0
964,0.0
965,482.5
966,0.0
970,0.0
974,0.0
975,0.0
976,0.0
978,0.0
982,0.0
985,0.0
988,0.0
990,0.0
991,105.0
992,0.0
995,0.0
1002,0.0
1003,501.5
1004,0.0
1005,0.0
1007,418.0
1009,0.0
1010,0.0
1011,0.0
1013,0.0
1014,0.0
1016,0.0
1018,0.0
1019,0.0
1022,0.0
1023,0.0
1024,0.0
1025,0.0
1027,0.0
1028,342.6666666666667
1037,0.0
1041,0.0
1043,0.0
1044,0.0
1045,0.0
1048,0.0
1050,0.0
1052,0.0
1058,0.0
1059,0.0
1060,1060.0
1066,0.0
1067,209.0
1071,0.0
1074,0.0
1076,0.0
1077,0.0
1081,1081.0
1082,0.0
1087,0.0
1088,0.0
1089,0.0
1090,0.0
1091,0.0
1093,0.0
1096,0.0
1097,0.0
1100,0.0
1101,0.0
1102,1102.0
1103,551.5
1104,0.0
1105,0.0
1106,0.0
1108,0.0
1109,601.0
1112,0.0
1117,0.0
1118,0.0
1119,0.0
1120,0.0
1122,0.0
1123,0.0
1126,0.0
1130,0.0
1131,0.0
1133,0.0
1135,499.2
1141,0.0
1143,0.0
1144,0.0
1145,0.0
1147,0.0
1150,0.0
1152,0.0
1157,0.0
1158,0.0
1160,0.0
1162,0.0
1165,0.0
1166,0.0
1168,0.0
1170,0.0
1171,90.33333333333333
1173,0.0
1179,0.0
1182,0.0
1184,0.0
1186,0.0
1189,0.0
1190,0.0
1193,0.0
1195,0.0
1196,0.0
1199,0.0
1201,0.0
1205,0.0
1207,0.0
1208,0.0
1209,0.0
1210,3.6666666666666665
1211,0.0
1216,0.0
1220,0.0
1221,0.0
1222,0.0
1226,0.0
1228,0.0
1232,0.0
1235,0.0
1238,0.0
1240,0.0
1246,0.0
1251,0.0
1252,0.0
1253,0.0
1255,0.0
1257,0.0
1258,0.0
1260,0.0
1264,0.0
1268,0.0
1271,0.0
1272,0.0
1275,637.5
1277,0.0
1278,0.0
1281,0.0
1285,428.3333333333333
1286,0.0
1287,0.0
1288,0.0
1290,0.0
1292,0.0
1294,0.0
1295,366.0
1297,0.0
1299,0.0
1305,479.0
1310,0.0
1311,0.0
1313,0.0
1314,0.0
1315,0.0
1318,1131.0
1319,0.0
1323,0.0
1324,478.0
1329,319.0
1333,0.0
1334,0.0
1339,0.0
1341,0.0
1342,0.0
1344,0.0
1345,0.0
1346,0.0
1348,0.0
1350,0.0
1351,0.0
1352,1352.0
1353,0.0
1354,0.0
1355,0.0
1356,0.0
1363,0.0
1365,0.0
1368,0.0
1371,0.0
1372,0.0
1373,686.5
1376,0.0
1380,0.0
1381,0.0
1385,0.0
1387,0.0
1390,0.0
1392,0.0
1394,0.0
1398,0.0
1402,0.0
1403,0.0
1406,0.0
1407,0.0
1409,0.0
1414,0.0
1415,0.0
1416,0.0
1423,0.0
1426,0.0
1429,0.0
1430,1218.0
1431,0.0
1434,0.0
1439,0.0
1442,0.0
1443,0.0
1445,0.0
1448,0.0
1449,0.0
1453,0.0
1454,0.0
1457,0.0
1460,0.0
1461,0.0
1462,0.0
1466,0.0
1468,0.0
1470,0.0
1471,0.0
1476,0.0
1477,102.0
1478,0.0
1480,0.0
1481,1481.0
1482,92.66666666666667
1488,1488.0
1489,0.0
1493,0.0
1495,0.0
1498,47.0
1501,0.0
1502,0.0
1506,0.0
1508,0.0
1509,0.0
1517,0.0
1518,0.0
1520,0.0
1523,0.0
1524,0.0
1525,0.0
1526,0.0
1527,509.0
1529,0.0
1530,765.0
1531,0.0
1532,0.0
1534,0.0
1535,0.0
1536,0.0
1542,0.0
1545,0.0
1546,0.0
1547,0.0
1548,0.0
1550,0.0
1551,1551.0
1553,0.0
1555,0.0
1556,0.0
1557,0.0
1558,0.0
1561,0.0
1562,557.3333333333334
1570,770.0
1571,0.0
1573,0.0
1577,788.0
1579,0.0
1581,0.0
1584,0.0
1585,0.0
1587,0.0
1589,0.0
1590,0.0
1594,0.0
1595,0.0
1599,0.0
1600,400.0
1601,1601.0
1607,0.0
1609,0.0
1611,0.0
1612,0.0
1613,0.0
1614,0.0
1615,0.0
1628,0.0
1633,0.0
1638,0.0
1640,0.0
1643,0.0
1645,0.0
1650,536.0
1651,0.0
1656,0.0
1657,0.0
1658,0.0
1660,0.0
1661,0.0
1662,0.0
1663,0.0
1669,0.0
1670,835.0
1671,0.0
1675,0.0
1679,0.0
1687,0.0
1690,0.0
1691,0.0
1693,846.5
1697,256.5
1698,0.0
1700,0.0
1705,852.5
1706,0.0
1708,569.3333333333334
1709,0.0
1714,0.0
1722,0.0
1723,0.0
1729,0.0
1730,0.0
1731,0.0
1732,0.0
1735,0.0
1736,0.0
1739,0.0
1741,1741.0
1742,0.0
1744,0.0
1748,0.0
1754,0.0
1758,0.0
1761,799.0
1765,0.0
1767,0.0
1768,0.0
1771,0.0
1775,0.0
1779,0.0
1783,0.0
1787,0.0
1789,0.0
1790,0.0
1793,0.0
1794,0.0
1795,0.0
1796,0.0
1799,0.0
1800,0.0
1812,0.0
1814,0.0
1815,0.0
1816,0.0
1820,0.0
1822,0.0
1823,0.0
1826,0.0
1827,913.5
1829,0.0
1830,1830.0
1831,0.0
1835,742.5
1836,0.0
1838,0.0
1839,0.0
1840,0.0
1841,0.0
1848,0.0
1850,0.0
1854,0.0
1857,0.0
1864,0.0
1873,0.0
1875,0.0
1878,0.0
1879,0.0
1880,0.0
1884,0.0
1885,0.0
1886,0.0
1889,0.0
1890,472.5
1896,0.0
1897,1431.0
1899,0.0
1907,0.0
1908,0.0
1912,0.0
1913,0.0
1916,0.0
1921,0.0
1922,961.0
1923,172.0
1925,0.0
1927,0.0
1930,0.0
1932,264.5
1933,0.0
1935,0.0
1937,0.0
1943,1943.0
1944,0.0
1945,1945.0
1946,0.0
1951,0.0
1954,0.0
1955,1955.0
1959,0.0
1964,0.0
1965,125.5
1966,0.0
1969,1969.0
1970,0.0
1972,0.0
1974,0.0
1975,0.0
1977,0.0
1978,0.0
1979,1979.0
1984,0.0
1985,0.0
1991,0.0
1993,0.0
1994,0.0
1995,0.0
2000,0.0
2008,0.0
2011,0.0
2016,0.0
2018,0.0
2019,219.0
2020,0.0
2026,732.5
2030,0.0
2033,0.0
2038,0.0
2040,0.0
2042,0.0
2044,0.0
2045,0.0
2050,33.0
2053,1821.0
2055,0.0
2056,0.0
2059,2059.0
2060,0.0
2064,0.0
2066,0.0
2068,1034.0
2080,0.0
2094,0.0
2102,0.0
2103,0.0
2106,0.0
2107,0.0
2108,0.0
2111,0.0
2112,0.0
2115,0.0
2122,1061.0
2123,1061.5
2124,0.0
2128,0.0
2135,0.0
2136,0.0
2142,0.0
2144,0.0
2149,0.0
2152,533.5
2153,0.0
2154,0.0
2156,0.0
2159,0.0
2172,0.0
2173,1086.5
2177,0.0
2179,0.0
2180,0.0
2185,0.0
2187,0.0
2189,0.0
2191,0.0
2197,0.0
2198,0.0
2199,0.0
2201,0.0
2202,0.0
2203,0.0
2205,0.0
2215,2215.0
2218,0.0
2219,2219.0
2221,0.0
2224,0.0
2225,0.0
2226,0.0
2227,745.0
2231,0.0
2234,0.0
2236,2236.0
2238,250.0
2248,0.0
2249,0.0
2252,0.0
2263,0.0
2264,0.0
2265,0.0
2266,1133.0
2267,953.5
2270,0.0
2272,0.0
2273,0.0
2274,0.0
2275,0.0
2278,0.0
2281,0.0
2282,0.0
2284,0.0
2285,0.0
2287,0.0
2294,0.0
2295,0.0
2305,0.0
2307,0.0
2311,0.0
2314,0.0
2318,0.0
2320,0.0
2322,0.0
2323,0.0
2324,899.0
2325,0.0
2326,1163.0
2329,0.0
2335,0.0
2341,0.0
2342,825.0
2348,0.0
2352,0.0
2354,0.0
2357,0.0
2359,2359.0
2361,787.0
2362,0.0
2363,361.0
2365,0.0
2366,0.0
2371,0.0
2373,0.0
2374,0.0
2375,0.0
2376,0.0
2377,0.0
2379,0.0
2383,0.0
2385,0.0
2387,0.0
2388,2388.0
2391,1195.5
2394,2394.0
2398,0.0
2401,0.0
2411,0.0
2413,0.0
2415,39.75
2416,0.0
2427,0.0
2433,2433.0
2440,0.0
2443,0.0
2445,0.0
2448,0.0
2457,0.0
2458,0.0
2461,0.0
2463,0.0
2466,1233.0
2468,0.0
2470,0.0
2471,0.0
2472,0.0
2473,0.0
2474,0.0
2478,0.0
2481,0.0
2482,0.0
2483,0.0
2491,0.0
2493,0.0
2500,0.0
2502,0.0
2505,0.0
2507,0.0
2512,0.0
2514,0.0
2515,2279.0
2517,0.0
2518,514.0
2521,0.0
2525,0.0
2526,0.0
2532,0.0
2533,0.0
2535,0.0
2537,0.0
2538,0.0
2539,0.0
2542,0.0
2551,0.0
2552,0.0
2555,0.0
2559,0.0
2560,1398.0
2571,0.0
2574,0.0
2577,0.0
2578,0.0
2592,0.0
2597,0.0
2607,0.0
2608,0.0
2610,0.0
2612,754.6666666666666
2616,0.0
2622,238.5
2624,0.0
2625,0.0
2629,0.0
2630,2630.0
2631,0.0
2632,0.0
2634,0.0
2642,0.0
2644,485.2
2648,0.0
2667,0.0
2668,0.0
2669,0.0
2688,0.0
2694,0.0
2695,0.0
2696,0.0
2699,0.0
2700,29.0
2703,0.0
2705,0.0
2709,2542.0
2727,0.0
2733,0.0
2739,0.0
2741,0.0
2742,0.0
2745,0.0
2746,0.0
2747,0.0
2756,0.0
2760,0.0
2761,0.0
2765,633.5
2768,0.0
2769,0.0
2781,0.0
2782,0.0
2783,0.0
2786,0.0
2788,0.0
2797,0.0
2799,0.0
2803,0.0
2813,0.0
2814,0.0
2815,0.0
2817,0.0
2821,1370.5
2822,0.0
2826,0.0
2827,0.0
2831,0.0
2832,0.0
2833,0.0
2838,0.0
2840,0.0
2843,0.0
2844,0.0
2848,0.0
2853,0.0
2855,0.0
2856,0.0
2858,0.0
2862,1144.8
2863,0.0
2866,0.0
2869,1321.0
2873,0.0
2876,0.0
2878,0.0
2882,0.0
2883,0.0
2884,0.0
2886,0.0
2889,0.0
2890,2890.0
2892,0.0
2893,0.0
2895,0.0
2898,1261.0
2899,0.0
2900,0.0
2907,376.0
2908,0.0
2913,0.0
2915,0.0
2916,0.0
2924,0.0
2928,0.0
2929,0.0
2933,0.0
2934,14.0
2935,0.0
2936,0.0
2938,0.0
2940,0.0
2942,0.0
2948,0.0
2953,0.0
2957,0.0
2958,0.0
2959,2959.0
2962,0.0
2965,0.0
2966,0.0
2977,0.0
2979,993.0
2986,0.0
2998,0.0
3015,1536.0
3017,0.0
3021,0.0
3022,0.0
3023,0.0
3027,0.0
3028,0.0
3041,0.0
3046,0.0
3049,0.0
3052,1526.0
3053,0.0
3056,0.0
3061,0.0
3063,0.0
3065,0.0
3070,0.0
3078,2740.75
3082,0.0
3086,0.0
3090,0.0
3091,0.0
3092,0.0
3094,1331.0
3097,0.0
3102,1551.0
3108,0.0
3110,0.0
3121,3121.0
3123,0.0
3124,0.0
3127,1637.0
3132,810.0
3140,0.0
3145,0.0
3149,3149.0
3151,0.0
3155,0.0
3159,0.0
3164,3164.0
3165,0.0
3167,0.0
3169,0.0
3173,3086.0
3174,0.0
3177,0.0
3178,0.0
3179,0.0
3180,0.0
3181,0.0
3188,0.0
3189,0.0
3191,128.0
3197,0.0
3212,0.0
3216,0.0
3226,0.0
3228,0.0
3231,0.0
3233,0.0
3239,0.0
3241,0.0
3242,0.0
3244,0.0
3253,0.0
3259,0.0
3263,0.0
3264,0.0
3267,0.0
3271,1090.3333333333333
3274,0.0
3275,0.0
3277,0.0
3278,884.0
3281,0.0
3287,0.0
3291,3291.0
3292,0.0
3297,0.0
3318,0.0
3320,0.0
3321,3321.0
3323,2930.0
3325,0.0
3328,0.0
3333,0.0
3335,0.0
3341,1113.6666666666667
3347,0.0
3351,0.0
3355,0.0
3357,0.0
3360,0.0
3364,0.0
3369,3325.0
3371,0.0
3374,894.0
3376,3030.0
3380,0.0
3381,0.0
3390,0.0
3392,0.0
3394,0.0
3395,0.0
3403,0.0
3406,0.0
3407,0.0
3414,0.0
3416,2508.0
3422,0.0
3424,0.0
3426,0.0
3427,0.0
3435,3435.0
3443,0.0
3446,0.0
3453,1151.0
3458,0.0
3460,0.0
3466,479.3333333333333
3471,0.0
3474,1871.0
3495,0.0
3498,0.0
3502,0.0
3508,0.0
3510,0.0
3515,0.0
3518,0.0
3525,1762.5
3526,0.0
3541,0.0
3543,0.0
3544,37.0
3551,0.0
3566,0.0
3567,0.0
3573,0.0
3581,0.0
3589,0.0
3591,1452.75
3597,0.0
3605,0.0
3608,0.0
3610,1203.3333333333333
3613,0.0
3615,0.0
3616,0.0
3618,0.0
3619,0.0
3622,0.0
3623,0.0
3625,0.0
3630,0.0
3633,0.0
3634,0.0
3638,0.0
3640,0.0
3641,0.0
3657,0.0
3659,2808.0
3661,0.0
3670,0.0
3673,0.0
3683,0.0
3686,0.0
3687,1658.0
3688,0.0
3695,3695.0
3696,0.0
3707,3707.0
3708,0.0
3710,3656.0
3714,1878.5
3716,3706.0
3718,0.0
3724,0.0
3726,0.0
3727,0.0
3733,0.0
3739,0.0
3757,0.0
3759,1879.5
3762,0.0
3766,0.0
3770,0.0
3774,0.0
3779,0.0
3782,0.0
3784,3219.0
3789,0.0
3796,0.0
3803,0.0
3805,2480.0
3814,0.0
3821,1623.0
3825,1275.0
3827,0.0
3836,0.0
3844,0.0
3845,0.0
3849,0.0
3851,0.0
3869,0.0
3870,2456.0
3873,0.0
3874,0.0
3877,0.0
3878,1291.6666666666667
3884,0.0
3885,0.0
3896,0.0
3897,0.0
3905,0.0
3907,0.0
3909,0.0
3910,0.0
3917,1.0
3927,0.0
3932,0.0
3937,1963.0
3938,0.0
3945,768.3333333333334
3952,0.0
3958,0.0
3963,0.0
3982,3982.0
3993,0.0
3997,414.0
3998,0.0
4000,0.0
4002,1736.5
4005,0.0
4007,0.0
4010,0.0
4011,0.0
4019,0.0
4025,0.0
4031,0.0
4032,0.0
4033,0.0
4045,0.0
4048,0.0
4050,0.0
4060,0.0
4063,0.0
4075,0.0
4076,0.0
4077,0.0
4081,0.0
4091,0.0
4096,0.0
4097,0.0
4102,0.0
4104,0.0
4111,0.0
4112,0.0
4119,3658.5
4120,0.0
4124,0.0
4129,0.0
4134,4082.0
4139,0.0
4142,0.0
4143,0.0
4160,0.0
4172,2086.0
4180,0.0
4183,0.0
4189,0.0
4192,0.0
4193,0.0
4195,0.0
4200,0.0
4202,0.0
4207,1444.5
4220,0.0
4227,0.0
4230,0.0
4231,3078.0
4237,0.0
4238,0.0
4246,4246.0
4247,0.0
4249,0.0
4261,0.0
4267,0.0
4276,0.0
4280,0.0
4281,0.0
4282,0.0
4284,3438.0
4287,0.0
4288,0.0
4290,0.0
4297,4297.0
4299,0.0
4305,0.0
4316,4316.0
4317,0.0
4320,0.0
4329,0.0
4330,0.0
4333,0.0
4343,0.0
4345,0.0
4357,0.0
4373,2186.5
4380,0.0
4381,0.0
4382,0.0
4385,0.0
4386,0.0
4389,0.0
4390,0.0
4392,0.0
4393,0.0
4398,0.0
4406,0.0
4409,0.0
4411,0.0
4412,0.0
4414,0.0
4418,0.0
4420,0.0
4430,0.0
4431,0.0
4440,785.0
4443,0.0
4444,0.0
4445,0.0
4447,0.0
4448,3311.5
4454,0.0
4464,0.0
4465,0.0
4477,0.0
4484,4484.0
4485,0.0
4490,0.0
4503,0.0
4504,2343.0
4510,2648.0
4519,0.0
4522,4472.0
4523,0.0
4524,0.0
4530,0.0
4535,0.0
4539,0.0
4544,482.0
4548,0.0
4550,0.0
4557,0.0
4562,0.0
4564,0.0
4572,3200.0
4575,0.0
4577,0.0
4583,4583.0
4592,0.0
4594,3046.6666666666665
4597,0.0
4601,4601.0
4606,0.0
4608,0.0
4616,0.0
4621,0.0
4627,4467.0
4634,0.0
4637,0.0
4643,0.0
4646,0.0
4655,0.0
4658,0.0
4663,4663.0
4665,0.0
4669,0.0
4677,0.0
4678,0.0
4681,0.0
4683,0.0
4687,0.0
4688,0.0
4703,0.0
4710,0.0
4711,0.0
4712,0.0
4716,0.0
4721,2360.5
4732,4732.0
4734,0.0
4742,0.0
4758,0.0
4759,0.0
4765,0.0
4769,0.0
4773,0.0
4774,2387.0
4777,0.0
4780,4780.0
4787,0.0
4792,0.0
4794,0.0
4795,0.0
4796,2490.0
4800,2319.0
4805,0.0
4816,0.0
4822,0.0
4823,0.0
4825,4648.0
4831,0.0
4837,0.0
4839,4752.0
4840,0.0
4841,0.0
4843,0.0
4856,0.0
4859,0.0
4865,4865.0
4866,0.0
4872,2139.0
4881,0.0
4883,0.0
4897,0.0
4901,0.0
4918,0.0
4919,0.0
4923,0.0
4930,0.0
4936,0.0
4939,0.0
4949,4165.0
4960,0.0
4964,0.0
4965,0.0
4968,0.0
4972,4918.0
4982,4982.0
4988,4912.0
4989,0.0
4992,0.0
4993,0.0
4995,0.0
4999,0.0
5004,0.0
5014,0.0
5020,0.0
5022,0.0
5026,0.0
5041,0.0
5053,0.0
5055,5055.0
5057,707.0
5066,0.0
5071,5071.0
5082,0.0
5084,0.0
5086,0.0
5097,0.0
5101,0.0
5103,0.0
5104,0.0
5124,0.0
5132,0.0
5141,0.0
5142,65.0
5144,1437.0
5150,0.0
5167,0.0
5170,2787.0
5173,0.0
5179,0.0
5183,0.0
5194,0.0
5198,3465.3333333333335
5211,0.0
5212,0.0
5213,0.0
5216,0.0
5219,0.0
5225,0.0
5229,0.0
5231,0.0
5232,0.0
5237,0.0
5238,1543.0
5251,3500.6666666666665
5264,0.0
5271,0.0
5273,0.0
5274,0.0
5283,0.0
5284,0.0
5288,0.0
5296,0.0
5302,0.0
5304,0.0
5309,0.0
5312,0.0
5314,0.0
5317,0.0
5324,0.0
5328,0.0
5334,0.0
5338,0.0
5341,0.0
5344,0.0
5347,5347.0
5365,238.0
5367,0.0
5374,0.0
5375,0.0
5393,0.0
5395,0.0
5398,0.0
5399,0.0
5415,0.0
5416,0.0
5431,0.0
5435,0.0
5460,0.0
5462,0.0
5471,0.0
5478,3590.0
5492,0.0
5504,2752.0
5505,0.0
5511,0.0
5518,0.0
5521,0.0
5523,0.0
5548,2774.0
5551,0.0
5552,0.0
5557,0.0
5560,0.0
5570,2115.0
5571,0.0
5572,0.0
5574,0.0
5583,0.0
5586,0.0
5599,0.0
5602,0.0
5603,0.0
5604,5604.0
5611,179.0
5623,0.0
5625,0.0
5627,0.0
5628,0.0
5630,5328.0
5645,0.0
5646,0.0
5651,0.0
5656,0.0
5657,0.0
5664,5664.0
5667,0.0
5668,0.0
5669,0.0
5670,5325.0
5672,0.0
5674,0.0
5681,0.0
5701,0.0
5702,0.0
5708,5708.0
5716,0.0
5717,0.0
5722,0.0
5723,0.0
5727,0.0
5729,5729.0
5733,0.0
5735,0.0
5736,5736.0
5745,0.0
5757,5757.0
5759,0.0
5763,0.0
5765,0.0
5766,4602.0
5786,0.0
5796,0.0
5797,0.0
5809,0.0
5811,0.0
5814,0.0
5821,0.0
5822,0.0
5824,0.0
5840,5840.0
5845,2796.0
5848,2109.5
5850,0.0
5852,0.0
5857,0.0
5859,0.0
5884,0.0
5888,2336.25
5898,2357.6666666666665
5899,0.0
5904,475.0
5910,0.0
5912,3563.0
5913,0.0
5920,0.0
5926,0.0
5931,0.0
5937,5937.0
5941,0.0
5948,0.0
5950,0.0
5951,0.0
5952,0.0
5953,0.0
5955,0.0
5963,0.0
5964,0.0
5968,0.0
5978,0.0
5979,0.0
5998,0.0
6000,0.0
6001,0.0
6010,0.0
6024,0.0
6030,0.0
6037,0.0
6038,0.0
6039,0.0
6043,0.0
6046,0.0
6056,0.0
6057,0.0
6064,0.0
6065,0.0
6074,0.0
6075,0.0
6081,0.0
6082,0.0
6083,0.0
6087,0.0
6091,0.0
6115,1894.6666666666667
6116,0.0
6118,0.0
6120,0.0
6126,3005.0
6128,0.0
6129,4286.0
6131,0.0
6136,0.0
6137,0.0
6143,0.0
6148,0.0
6149,0.0
6150,0.0
6153,0.0
6158,0.0
6164,0.0
6174,2122.3333333333335
6191,0.0
6196,0.0
6198,0.0
6199,0.0
6215,0.0
6234,0.0
6240,3120.0
6242,0.0
6246,5925.0
6256,0.0
6267,0.0
6272,0.0
6275,0.0
6276,0.0
6281,0.0
6286,6002.0
6294,0.0
6304,0.0
6305,0.0
6314,0.0
6315,0.0
6327,0.0
6331,0.0
6333,0.0
6339,0.0
6344,3172.0
6345,0.0
6363,3049.0
6373,0.0
6375,6375.0
6379,0.0
6387,0.0
6391,0.0
6392,0.0
6405,0.0
6406,0.0
6418,0.0
6419,0.0
6443,6443.0
6445,0.0
6449,4458.0
6454,0.0
6465,0.0
6481,0.0
6485,0.0
6491,0.0
6492,6492.0
6499,0.0
6507,0.0
6510,0.0
6516,0.0
6525,3262.5
6532,0.0
6538,0.0
6546,0.0
6550,1642.25
6553,6548.0
6558,0.0
6564,54.0
6567,0.0
6569,0.0
6574,1765.0
6575,0.0
6576,0.0
6578,0.0
6591,0.0
6603,886.0
6606,0.0
6634,0.0
6645,0.0
6647,0.0
6653,6653.0
6654,0.0
6657,0.0
6659,0.0
6665,0.0
6679,0.0
6686,0.0
6689,6689.0
6695,0.0
6733,0.0
6741,0.0
6744,0.0
6754,5868.0
6759,0.0
6764,0.0
6768,60.0
6776,0.0
6779,0.0
6780,0.0
6781,0.0
6787,2262.3333333333335
6805,0.0
6807,0.0
6819,0.0
6826,0.0
6835,3314.0
6852,0.0
6857,0.0
6858,0.0
6860,0.0
6866,6866.0
6872,3436.0
6876,6876.0
6879,4161.0
6884,3442.0
6887,0.0
6899,0.0
6909,0.0
6924,2593.0
6925,0.0
6951,3579.6666666666665
6955,0.0
6958,0.0
6962,0.0
6968,0.0
6975,0.0
6983,6372.0
6986,0.0
6989,0.0
6998,0.0
7015,4783.0
7024,0.0
7030,0.0
7038,0.0
7063,0.0
7065,0.0
7067,0.0
7068,1188.75
7083,0.0
7092,0.0
7094,0.0
7096,95.0
7103,0.0
7108,0.0
7113,0.0
7124,0.0
7129,0.0
7131,3491.0
7138,0.0
7162,0.0
7163,7163.0
7170,0.0
7174,0.0
7176,0.0
7177,0.0
7193,3596.5
7197,0.0
7201,0.0
7216,0.0
7217,0.0
7221,0.0
7222,0.0
7230,0.0
7245,0.0
7248,0.0
7259,0.0
7270,0.0
7275,3077.0
7283,0.0
7290,0.0
7292,0.0
7301,0.0
7313,0.0
7325,3662.5
7327,0.0
7331,0.0
7332,0.0
7333,3788.5
7336,0.0
7337,7051.0
7342,0.0
7345,0.0
7350,0.0
7351,0.0
7353,0.0
7367,0.0
7368,0.0
7369,0.0
7386,0.0
7396,7396.0
7409,0.0
7410,2470.0
7420,7420.0
7429,1976.0
7443,0.0
7447,0.0
7454,0.0
7464,6672.0
7467,3733.5
7475,0.0
7477,0.0
7481,0.0
7484,0.0
7490,0.0
7492,4671.0
7511,0.0
7517,0.0
7518,0.0
7535,0.0
7537,0.0
7538,0.0
7555,0.0
7563,0.0
7564,0.0
7566,0.0
7570,0.0
7575,0.0
7576,0.0
7593,0.0
7595,0.0
7609,0.0
7614,0.0
7616,0.0
7620,0.0
7625,0.0
7636,0.0
7649,0.0
7670,0.0
7674,0.0
7682,0.0
7690,0.0
7700,0.0
7705,0.0
7713,0.0
7714,0.0
7717,0.0
7722,0.0
7723,0.0
7726,3231.0
7737,0.0
7740,5207.0
7741,0.0
7743,0.0
7746,0.0
7751,0.0
7761,0.0
7774,0.0
7788,0.0
7792,0.0
7795,1217.0
7801,0.0
7811,0.0
7823,0.0
7824,3912.0
7837,0.0
7838,4065.0
7849,0.0
7850,0.0
7858,7858.0
7859,0.0
7860,0.0
7861,3819.75
7864,4857.0
7884,0.0
7886,4638.5
7907,1106.0
7910,0.0
7912,0.0
7913,0.0
7915,5258.5
7916,0.0
7932,6935.0
7937,0.0
7938,605.0
7941,0.0
7945,6099.833333333333
7949,4845.0
7953,0.0
7968,0.0
7975,1574.0
7977,0.0
7981,0.0
7982,1097.0
7984,0.0
7988,0.0
7990,0.0
7991,7571.0
7993,0.0
8002,0.0
8004,0.0
8009,0.0
8015,0.0
8020,7822.0
8021,0.0
8023,8023.0
8028,3922.3333333333335
8030,2376.6666666666665
8033,2677.6666666666665
8040,0.0
8056,0.0
8059,0.0
8062,0.0
8064,0.0
8071,0.0
8077,0.0
8078,0.0
8086,0.0
8089,8089.0
8096,0.0
8101,0.0
8106,0.0
8127,0.0
8132,0.0
8139,1725.5
8140,0.0
8141,0.0
8145,0.0
8161,0.0
8164,5367.0
8165,0.0
8172,0.0
8173,0.0
8176,0.0
8180,0.0
8183,0.0
8187,0.0
8190,0.0
8198,0.0
8207,0.0
8208,0.0
8209,0.0
8215,8215.0
8217,71.0
8228,0.0
8230,0.0
8246,0.0
8255,0.0
8268,0.0
8277,0.0
8283,0.0
8290,0.0
8297,0.0
8312,0.0
8321,0.0
8322,492.0
8326,0.0
8328,0.0
8333,0.0
8341,3230.3333333333335
8344,0.0
8346,0.0
8355,0.0
8358,0.0
8361,0.0
8363,0.0
8373,0.0
8375,0.0
8382,0.0
8389,0.0
8394,0.0
8397,0.0
8399,0.0
8401,0.0
8410,0.0
8425,0.0
8444,0.0
8447,0.0
8450,0.0
8452,0.0
8454,0.0
8455,0.0
8465,0.0
8466,8466.0
8499,8499.0
8500,0.0
8503,2423.8
8515,0.0
8519,8519.0
8521,0.0
8523,0.0
8525,0.0
8526,8452.0
8533,0.0
8534,6492.0
8550,0.0
8554,0.0
8563,0.0
8579,8579.0
8582,0.0
8601,8601.0
8614,0.0
8615,0.0
8616,0.0
8618,0.0
8619,6424.0
8620,0.0
8625,0.0
8645,0.0
8646,0.0
8655,8655.0
8657,0.0
8665,0.0
8667,0.0
8669,0.0
8673,0.0
8676,0.0
8680,1046.0
8682,0.0
8683,0.0
8691,0.0
8692,0.0
8697,0.0
8720,0.0
8726,5346.0
8731,0.0
8733,0.0
8748,0.0
8763,0.0
8764,0.0
8771,0.0
8773,0.0
8781,1532.5
8783,0.0
8789,90.0
8790,0.0
8796,0.0
8797,0.0
8817,5811.0
8826,2560.0
8832,0.0
8842,0.0
8853,0.0
8858,0.0
8864,0.0
8866,0.0
8868,0.0
8874,0.0
8880,0.0
8882,4441.0
8883,0.0
8887,7452.0
8891,8891.0
8903,0.0
8904,0.0
8905,1065.0
8915,0.0
8937,0.0
8939,0.0
8949,8858.0
8958,0.0
8961,0.0
8963,0.0
8972,2990.6666666666665
8978,0.0
8979,8848.0
8982,3510.3333333333335
8987,0.0
9024,5337.0
9030,9030.0
9033,0.0
9038,0.0
9043,0.0
9045,0.0
9052,0.0
9054,0.0
9078,0.0
9084,0.0
9089,0.0
9093,0.0
9094,0.0
9106,0.0
9109,0.0
9113,0.0
9125,0.0
9132,0.0
9155,8673.0
9159,0.0
9164,9164.0
9166,0.0
9175,5155.0
9179,9179.0
9181,9181.0
9185,0.0
9186,2657.0
9189,0.0
9190,0.0
9193,3216.0
9199,0.0
9200,0.0
9214,0.0
9223,0.0
9227,0.0
9228,0.0
9235,0.0
9241,0.0
9243,0.0
9249,0.0
9273,3238.6666666666665
9278,0.0
9287,0.0
9294,0.0
9300,9229.0
9301,0.0
9307,0.0
9309,0.0
9332,5462.0
9342,45.5
9345,0.0
9346,0.0
9351,0.0
9357,0.0
9361,0.0
9370,0.0
9373,0.0
9377,0.0
9387,0.0
9394,0.0
9405,0.0
9413,0.0
9418,0.0
9421,0.0
9422,0.0
9429,0.0
9430,0.0
9456,8185.0
9467,0.0
9469,0.0
9471,0.0
9490,2517.0
9507,957.0
9516,0.0
9531,0.0
9541,5179.0
9554,0.0
9555,0.0
9565,0.0
9566,9289.0
9567,0.0
9578,0.0
9583,4819.0
9590,0.0
9631,0.0
9642,0.0
9645,0.0
9663,0.0
9667,0.0
9682,0.0
9688,0.0
9691,0.0
9692,5701.0
9730,9730.0
9731,8584.0
9737,0.0
9756,0.0
9760,9226.0
9763,7358.0
9771,8341.0
9779,0.0
9803,0.0
9806,0.0
9811,0.0
9818,6055.0
9819,0.0
9836,0.0
9837,0.0
9840,9840.0
9856,0.0
9861,0.0
9870,0.0
9884,0.0
9889,0.0
9890,0.0
9893,9893.0
9896,3215.0
9901,0.0
9906,0.0
9924,0.0
9963,0.0
9964,0.0
9968,0.0
9969,0.0
9977,0.0
9983,0.0
9988,0.0
9989,9989.0
9998,0.0
10000,6496.5
10003,0.0
10006,0.0
10015,0.0
10017,0.0
10019,0.0
10021,0.0
10043,0.0
10054,0.0
10068,0.0
10075,2886.6666666666665
10078,0.0
10084,9950.0
10098,10098.0
10119,8012.0
10130,5038.5
10135,0.0
10155,0.0
10161,0.0
10162,0.0
10174,7368.0
10175,0.0
10183,10183.0
10186,0.0
10189,0.0
10195,0.0
10202,0.0
10204,10204.0
10205,701.0
10206,0.0
10207,0.0
10211,0.0
10232,107.0
10238,0.0
10254,0.0
10263,0.0
10272,0.0
10274,0.0
10276,7811.0
10284,0.0
10288,0.0
10296,0.0
10299,0.0
10311,0.0
10324,0.0
10329,0.0
10335,3845.0
10338,0.0
10339,2254.5
10359,5571.0
10362,0.0
10374,9407.0
10375,0.0
10377,0.0
10379,0.0
10382,0.0
10387,0.0
10391,0.0
10394,0.0
10398,10398.0
10414,0.0
10428,0.0
10441,0.0
10450,0.0
10457,0.0
10469,0.0
10477,8875.0
10478,0.0
10486,7767.75
10498,0.0
10506,0.0
10517,0.0
10523,0.0
10524,0.0
10529,0.0
10531,0.0
10533,10533.0
10535,0.0
10538,10538.0
10539,4137.0
10555,9546.0
10557,0.0
10575,0.0
10579,0.0
10585,9335.0
10589,0.0
10604,0.0
10609,0.0
10610,0.0
10613,0.0
10619,0.0
10620,5634.0
10621,8.5
10639,0.0
10645,0.0
10650,0.0
10655,3596.3333333333335
10668,0.0
10677,0.0
10694,10253.0
10698,0.0
10701,0.0
10705,0.0
10709,0.0
10717,0.0
10753,0.0
10762,0.0
10763,0.0
10764,0.0
10767,10110.0
10782,10736.0
10783,0.0
10784,0.0
10788,0.0
10795,10795.0
10801,0.0
10813,627.0
10814,0.0
10848,5424.0
10866,7627.0
10867,0.0
10872,3437.5
10873,0.0
10880,0.0
10890,0.0
10893,0.0
10919,0.0
10928,0.0
10929,0.0
10941,10941.0
10943,10885.0
10949,10078.0
10967,0.0
10972,10972.0
10981,0.0
10985,0.0
10987,0.0
10993,0.0
11009,0.0
11012,0.0
11034,0.0
11035,0.0
11040,0.0
11044,5732.0
11051,0.0
11062,10839.0
11071,0.0
11087,0.0
11097,11097.0
11106,0.0
11119,0.0
11126,11126.0
11131,0.0
11144,8876.0
11146,117.5
11151,0.0
11152,2554.0
11153,0.0
11187,0.0
11199,10390.0
11203,0.0
11214,6010.333333333333
11218,10672.0
11224,0.0
11226,0.0
11230,0.0
11236,0.0
11243,0.0
11263,0.0
11280,11280.0
11311,3243.5
11325,0.0
11326,0.0
11333,0.0
11338,0.0
11360,0.0
11363,0.0
11370,3330.0
11373,0.0
11383,0.0
11388,0.0
11399,0.0
11400,0.0
11408,0.0
11411,11411.0
11425,0.0
11435,3744.0
11438,11438.0
11445,5722.5
11449,0.0
11452,64.0
11454,0.0
11458,0.0
11466,0.0
11469,11469.0
11487,0.0
11489,0.0
11494,0.0
11495,2845.0
11504,0.0
11511,0.0
11530,0.0
11535,0.0
11548,2811.5
11574,0.0
11579,0.0
11596,3537.0
11597,11512.0
11603,0.0
11605,0.0
11614,0.0
11618,0.0
11632,0.0
11639,0.0
11642,11630.0
11649,0.0
11709,0.0
11716,5695.5
11719,0.0
11734,0.0
11736,3606.0
11737,11737.0
11740,0.0
11743,0.0
11744,0.0
11749,0.0
11751,0.0
11764,7781.0
11766,0.0
11769,0.0
11770,8140.0
11771,0.0
11789,3475.0
11792,11792.0
11808,0.0
11810,0.0
11825,11804.0
11843,11843.0
11850,0.0
11859,11859.0
11861,6766.0
11871,0.0
11873,11873.0
11875,0.0
11879,0.0
11885,11549.0
11887,0.0
11895,0.0
11902,4270.5
11919,0.0
11926,0.0
11930,4613.0
11932,0.0
11941,0.0
11950,0.0
11951,3983.6666666666665
11968,0.0
11973,0.0
11974,0.0
11991,9068.0
11995,0.0
11996,0.0
12036,0.0
12050,0.0
12066,11193.5
12068,0.0
12079,0.0
12081,0.0
12090,0.0
12104,12104.0
12110,0.0
12118,0.0
12123,0.0
12124,0.0
12127,0.0
12145,0.0
12154,0.0
12170,8516.0
12173,2932.0
12186,0.0
12190,0.0
12202,0.0
12217,0.0
12221,0.0
12224,9476.5
12226,0.0
12228,0.0
12229,3776.0
12233,0.0
12237,12237.0
12246,964.0
12274,0.0
12275,0.0
12278,0.0
12286,5731.0
12293,0.0
12315,0.0
12317,0.0
12323,0.0
12376,0.0
12383,0.0
12385,0.0
12389,0.0
12400,10165.0
12404,0.0
12406,0.0
12408,3072.5
12422,9256.0
12423,10556.0
12427,0.0
12440,0.0
12445,12445.0
12447,12447.0
12457,0.0
12466,12222.0
12469,3359.25
12471,0.0
12497,6248.5
12498,0.0
12506,0.0
12509,0.0
12510,0.0
12513,0.0
12520,0.0
12521,0.0
12524,12380.0
12526,0.0
12531,118.0
12534,0.0
12552,8369.0
12554,0.0
12557,0.0
12558,0.0
12562,0.0
12571,0.0
12577,0.0
12582,0.0
12604,3698.6666666666665
12609,0.0
12614,11073.0
12620,6289.0
12634,0.0
12653,0.0
12669,0.0
12676,0.0
12686,0.0
12699,0.0
12705,0.0
12706,0.0
12712,0.0
12720,0.0
12744,11061.0
12753,0.0
12756,0.0
12766,5045.0
12780,8686.0
12789,266.0
12797,5111.0
12807,1220.5
12837,3081.3333333333335
12844,0.0
12855,0.0
12856,0.0
12858,12800.0
12859,0.0
12861,0.0
12867,0.0
12877,0.0
12882,0.0
12887,12709.0
12888,12888.0
12900,0.0
12904,0.0
12905,11984.5
12912,12838.0
12918,0.0
12930,12930.0
12935,0.0
12940,0.0
12954,0.0
12963,0.0
12974,0.0
12979,0.0
12981,3528.0
12982,0.0
12989,0.0
12990,0.0
12998,0.0
13012,6818.5
13017,0.0
13042,0.0
13051,0.0
13065,3910.0
13076,0.0
13090,0.0
13093,6546.5
13099,0.0
13111,12534.0
13145,0.0
13154,11772.0
13170,0.0
13177,0.0
13184,0.0
13191,4977.0
13231,0.0
13236,0.0
13241,6538.5
13253,0.0
13298,12950.0
13309,0.0
13332,6482.5
13334,7114.0
13335,0.0
13345,10489.0
13354,2249.0
13357,3697.6666666666665
13363,0.0
13364,0.0
13365,0.0
13375,0.0
13411,13036.0
13413,8284.0
13415,0.0
13426,0.0
13444,0.0
13445,0.0
13457,0.0
13460,6514.333333333333
13468,0.0
13507,0.0
13508,0.0
13514,0.0
13516,0.0
13522,0.0
13544,0.0
13551,0.0
13556,0.0
13558,0.0
13580,0.0
13582,0.0
13584,0.0
13587,0.0
13590,0.0
13592,0.0
13605,6802.5
13628,0.0
13648,1496.0
13671,0.0
13687,0.0
13695,0.0
13708,0.0
13719,0.0
13728,6905.0
13735,0.0
13747,7115.0
13753,0.0
13761,15.0
13784,0.0
13803,0.0
13804,0.0
13816,13816.0
13830,93.0
13847,0.0
13866,6933.0
13881,0.0
13884,0.0
13886,11462.0
13895,0.0
13904,0.0
13917,4445.0
13958,0.0
13966,13966.0
13967,0.0
13984,4431.0
13993,0.0
14009,0.0
14021,0.0
14024,0.0
14027,0.0
14032,0.0
14057,0.0
14064,0.0
14081,0.0
14086,7043.0
14087,5856.0
14088,0.0
14089,13663.0
14092,0.0
14095,0.0
14109,0.0
14110,8770.0
14117,0.0
14118,0.0
14128,10343.0
14136,0.0
14137,0.0
14153,0.0
14188,0.0
14201,0.0
14208,14208.0
14212,0.0
14224,0.0
14225,0.0
14229,0.0
14242,0.0
14252,0.0
14264,4908.5
14265,0.0
14277,14277.0
14283,1235.0
14304,13724.0
14309,0.0
14314,9045.0
14320,14320.0
14322,0.0
14341,14098.0
14344,0.0
14348,0.0
14357,0.0
14359,0.0
14361,0.0
14392,0.0
14395,0.0
14400,0.0
14420,0.0
14427,0.0
14432,0.0
14438,0.0
14442,0.0
14443,0.0
14451,0.0
14461,0.0
14463,0.0
14464,0.0
14468,11551.0
14470,0.0
14476,0.0
14477,0.0
14478,14478.0
14489,0.0
14511,0.0
14516,0.0
14535,0.0
14555,0.0
14556,7278.0
14569,0.0
14576,10311.0
14587,4092.0
14590,12184.0
14594,14594.0
14595,3128.0
14629,14629.0
14636,0.0
14645,0.0
14647,0.0
14648,14648.0
14649,14649.0
14658,0.0
14688,0.0
14704,14704.0
14710,8069.0
14726,14726.0
14742,0.0
14746,0.0
14750,0.0
14758,0.0
14792,14792.0
14798,0.0
14800,14800.0
14810,0.0
14826,910.0
14830,533.5
14838,0.0
14842,2325.0
14854,5988.0
14869,0.0
14873,0.0
14878,0.0
14895,0.0
14896,0.0
14901,0.0
14904,0.0
14909,0.0
14918,14918.0
14936,8498.5
14948,14440.0
14969,0.0
14977,0.0
14978,0.0
15004,1042.0
15005,14148.0
15010,0.0
15017,0.0
15020,0.0
15031,12357.0
15036,0.0
15038,0.0
15064,0.0
15068,13704.5
15122,15122.0
15126,0.0
15143,0.0
15144,0.0
15148,13433.0
15152,0.0
15156,0.0
15186,0.0
15189,0.0
15205,0.0
15215,0.0
15254,0.0
15255,9917.333333333334
15282,0.0
15288,0.0
15301,0.0
15308,0.0
15316,0.0
15327,2067.5
15336,0.0
15347,0.0
15372,6476.25
15422,0.0
15426,0.0
15436,10887.0
15453,0.0
15454,0.0
15461,0.0
15473,0.0
15479,5711.0
15480,0.0
15490,0.0
15502,15502.0
15503,0.0
15524,0.0
15525,0.0
15533,15533.0
15543,0.0
15550,0.0
15568,0.0
15582,0.0
15585,0.0
15597,15597.0
15603,0.0
15606,3577.0
15607,0.0
15633,0.0
15651,6894.0
15652,0.0
15668,7381.0
15672,0.0
15697,0.0
15710,11346.0
15718,15075.0
15731,0.0
15746,7937.0
15748,0.0
15758,0.0
15771,0.0
15781,0.0
15787,0.0
15788,0.0
15801,0.0
15808,0.0
15812,0.0
15814,0.0
15821,0.0
15828,0.0
15842,0.0
15860,15860.0
15869,0.0
15871,0.0
15872,0.0
15902,0.0
15917,0.0
15924,0.0
15932,0.0
15946,0.0
15947,0.0
15958,0.0
15962,14590.0
15971,0.0
15981,0.0
15986,0.0
15992,6580.0
16007,5539.0
16012,0.0
16015,0.0
16024,16024.0
16025,0.0
16026,16026.0
16030,4301.0
16033,16033.0
16036,0.0
16037,0.0
16044,15812.0
16066,0.0
16070,0.0
16073,16073.0
16087,0.0
16089,0.0
16100,0.0
16103,0.0
16113,7162.0
16132,0.0
16133,15201.0
16135,4724.0
16139,4713.0
16157,2523.0
16162,0.0
16184,0.0
16204,0.0
16209,0.0
16229,7309.0
16239,0.0
16242,0.0
16245,11952.0
16271,0.0
16290,0.0
16292,16292.0
16307,13170.0
16309,0.0
16312,0.0
16314,0.0
16328,0.0
16362,0.0
16364,0.0
16369,0.0
16408,0.0
16417,8373.0
16419,8734.0
16423,0.0
16426,0.0
16438,8219.0
16477,0.0
16481,1707.0
16494,15998.0
16502,16502.0
16521,0.0
16525,0.0
16543,0.0
16563,7111.0
16574,16574.0
16583,14799.0
16628,5542.666666666667
16647,0.0
16660,0.0
16669,0.0
16692,9477.0
16712,13202.0
16729,10283.0
16742,3702.0
16756,16756.0
16767,0.0
16791,0.0
16802,0.0
16806,11610.5
16811,0.0
16814,0.0
16816,7477.0
16821,0.0
16824,0.0
16836,0.0
16840,12113.0
16853,0.0
16856,6734.0
16879,12236.0
16905,0.0
16909,0.0
16910,1161.2
16913,320.0
16949,16949.0
16982,0.0
16983,0.0
16991,0.0
16995,5528.0
17006,0.0
17010,16822.0
17021,0.0
17039,8579.5
17040,0.0
17042,0.0
17045,0.0
17046,0.0
17054,7.0
17058,0.0
17063,0.0
17064,0.0
17073,0.0
17082,0.0
17083,0.0
17086,0.0
17090,0.0
17102,0.0
17111,0.0
17131,0.0
17143,17094.0
17167,11335.0
17173,9283.666666666666
17225,0.0
17257,0.0
17258,0.0
17261,0.0
17264,17264.0
17271,0.0
17272,17272.0
17293,0.0
17303,0.0
17309,10232.42857142857
17313,12764.0
17318,6558.0
17329,0.0
17331,17331.0
17336,125.0
17348,0.0
17352,17331.0
17354,0.0
17358,5786.0
17371,16770.0
17378,11570.666666666666
17390,0.0
17395,17044.0
17421,0.0
17424,0.0
17426,0.0
17452,0.0
17461,0.0
17465,0.0
17471,0.0
17472,0.0
17495,0.0
17508,0.0
17519,0.0
17524,17247.0
17526,0.0
17530,0.0
17538,0.0
17561,0.0
17565,17470.0
17571,5198.0
17576,8159.0
17583,183.0
17609,0.0
17616,0.0
17623,8265.0
17632,0.0
17643,7370.0
17644,17431.0
17651,0.0
17658,17658.0
17666,17666.0
17670,17670.0
17671,0.0
17735,15284.0
17763,0.0
17772,11564.0
17779,0.0
17782,13855.0
17792,0.0
17802,14824.0
17804,0.0
17819,9468.0
17821,7503.25
17839,0.0
17844,17844.0
17860,0.0
17867,641.0
17869,0.0
17874,0.0
17875,0.0
17894,0.0
17896,17896.0
17918,0.0
17924,0.0
17927,17927.0
17929,0.0
17942,17942.0
17945,0.0
17946,0.0
17948,545.5
17953,0.0
17956,12584.5
17962,15483.0
17963,5743.333333333333
17966,0.0
17972,0.0
17979,0.0
17988,0.0
17998,0.0
18005,10248.0
18006,0.0
18038,0.0
18056,18056.0
18063,0.0
18086,0.0
18093,18093.0
18100,15484.0
18106,4661.5
18110,0.0
18113,0.0
18123,18123.0
18131,0.0
18134,0.0
18144,0.0
18153,0.0
18155,715.0
18159,1662.0
18178,0.0
18181,0.0
18191,18191.0
18193,18072.0
18197,0.0
18205,13886.0
18209,7521.5
18222,7086.0
18229,0.0
18260,0.0
18261,0.0
18262,0.0
18269,18269.0
18298,18298.0
18314,0.0
18327,17435.5
18330,0.0
18331,18331.0
18343,0.0
18356,0.0
18371,0.0
18390,0.0
18404,0.0
18410,0.0
18411,8635.5
18416,1638.0
18426,0.0
18433,0.0
18437,0.0
18443,0.0
18445,0.0
18449,9224.5
18456,16661.0
18466,0.0
18474,0.0
18480,1362.5
18489,0.0
18500,9214.0
18510,0.0
18525,0.0
18539,18539.0
18543,0.0
18555,0.0
18563,0.0
18574,0.0
18586,0.0
18591,0.0
18602,0.0
18614,18614.0
18615,13449.0
18626,0.0
18631,0.0
18632,0.0
18637,0.0
18639,5410.0
18644,0.0
18649,6216.333333333333
18651,0.0
18655,0.0
18659,749.0
18664,18664.0
18676,0.0
18683,0.0
18687,9316.0
18694,0.0
18712,0.0
18718,5897.0
18719,0.0
18724,0.0
18725,2429.0
18726,0.0
18735,0.0
18745,0.0
18747,0.0
18749,0.0
18762,0.0
18788,0.0
18798,7169.5
18804,0.0
18815,0.0
18838,0.0
18844,0.0
18846,14060.333333333334
18853,0.0
18863,18863.0
18865,18865.0
18868,18868.0
18884,8002.0
18888,9617.0
18895,18895.0
18905,8803.0
18911,0.0
18926,0.0
18929,0.0
18931,0.0
18946,5762.0
18973,0.0
18976,0.0
18982,18366.0
18983,18983.0
18989,8547.0
18990,10412.0
18994,7338.333333333333
18997,18997.0
18998,0.0
19003,1589.0
19008,0.0
19019,0.0
19036,0.0
19044,0.0
19046,19046.0
19059,16943.0
19060,0.0
19077,19077.0
19090,12.0
19097,0.0
19109,0.0
19120,19120.0
19127,19127.0
19144,9292.0
19156,12503.5
19172,0.0
19182,0.0
19201,5727.0
19211,0.0
19249,0.0
19250,0.0
19251,0.0
19253,0.0
19273,0.0
19304,8579.666666666666
19312,19312.0
19316,0.0
19323,4282.0
19337,0.0
19343,0.0
19354,14861.0
19360,0.0
19362,19281.0
19380,0.0
19386,2042.0
19390,82.0
19393,0.0
19394,0.0
19396,0.0
19416,19043.0
19430,0.0
19439,0.0
19442,14397.5
19448,16362.0
19463,18974.5
19465,0.0
19474,0.0
19477,9338.5
19484,0.0
19499,0.0
19501,0.0
19502,0.0
19536,0.0
19562,0.0
19577,0.0
19614,0.0
19637,19554.0
19640,0.0
19641,0.0
19649,19649.0
19661,19661.0
19665,17764.0
19673,0.0
19675,0.0
19679,0.0
19705,0.0
19724,2396.0
19729,0.0
19731,0.0
19748,0.0
19750,6583.333333333333
19757,0.0
19771,0.0
19776,0.0
19803,0.0
19815,4077.0
19843,17560.0
19864,0.0
19870,0.0
19872,0.0
19885,9787.0
19887,2679.0
19897,0.0
19919,0.0
19920,15347.0
19922,19922.0
19949,19949.0
19972,0.0
19976,0.0
19978,0.0
19984,0.0
19985,14371.0
20002,18386.0
20006,0.0
20007,0.0
20008,0.0
20019,17896.5
20063,19993.0
20074,10673.0
20078,0.0
20081,0.0
20106,0.0
20119,0.0
20141,0.0
20148,0.0
20155,19208.0
20181,0.0
20191,1650.0
20193,0.0
20226,0.0
20228,0.0
20231,17636.5
20248,6694.0
20260,19847.0
20284,2790.0
20298,0.0
20303,5650.25
20321,0.0
20329,0.0
20347,800.0
20349,6510.333333333333
20350,0.0
20352,0.0
20362,9468.5
20363,0.0
20367,0.0
20370,0.0
20371,0.0
20386,0.0
20389,20381.0
20397,11810.0
20410,20410.0
20428,0.0
20432,0.0
20449,20449.0
20456,0.0
20469,0.0
20489,0.0
20491,0.0
20518,0.0
20526,0.0
20532,0.0
20552,0.0
20556,0.0
20576,0.0
20585,15638.0
20592,0.0
20606,0.0
20638,0.0
20644,13873.0
20651,0.0
20673,0.0
20681,0.0
20698,0.0
20699,0.0
20735,20735.0
20759,0.0
20763,0.0
20767,0.0
20770,18415.0
20803,0.0
20833,20833.0
20834,20834.0
20839,0.0
20844,3992.0
20847,0.0
20854,19788.0
20863,0.0
20875,0.0
20892,20765.0
20896,20896.0
20902,0.0
20922,0.0
20924,0.0
20926,13275.0
20928,14882.0
20936,0.0
20950,0.0
20969,13151.0
20988,20229.0
20990,0.0
20997,13337.5
21007,13062.5
21013,0.0
21035,1094.0
21046,4528.5
21067,0.0
21071,8360.0
21074,0.0
21079,18310.0
21089,13905.0
21095,21095.0
21102,83.0
21119,21045.0
21137,0.0
21146,0.0
21148,0.0
21150,0.0
21161,0.0
21163,0.0
21167,0.0
21199,10507.5
21200,0.0
21205,0.0
21212,21212.0
21219,0.0
21224,0.0
21240,19855.0
21246,0.0
21254,0.0
21256,0.0
21263,0.0
21281,21281.0
21299,0.0
21300,0.0
21307,21307.0
21313,0.0
21324,0.0
21337,0.0
21345,5346.5
21372,0.0
21386,10085.0
21398,0.0
21401,0.0
21436,21436.0
21441,0.0
21459,0.0
21466,0.0
21473,0.0
21489,0.0
21490,18038.0
21506,21506.0
21507,0.0
21510,0.0
21515,0.0
21518,9712.5
21533,0.0
21541,0.0
21549,680.0
21560,0.0
21573,936.0
21574,0.0
21575,0.0
21583,10791.5
21588,0.0
21610,0.0
21611,0.0
21619,21619.0
21639,0.0
21657,0.0
21662,0.0
21711,259.0
21713,0.0
21714,13605.0
21717,12719.0
21724,0.0
21733,0.0
21757,0.0
21759,8240.0
21768,10884.0
21779,0.0
21784,0.0
21788,15951.0
21802,21802.0
21803,21558.0
21808,0.0
21831,0.0
21833,18346.5
21836,0.0
21853,16077.0
21859,0.0
21864,21864.0
21868,0.0
21899,0.0
21913,0.0
21915,0.0
21923,14440.0
21949,0.0
21950,0.0
21955,0.0
21965,0.0
21968,0.0
21971,0.0
21979,0.0
21982,0.0
22002,0.0
22008,5004.0
22014,22014.0
22020,0.0
22041,0.0
22045,0.0
22050,0.0
22063,0.0
22081,5151.0
22083,605.5
22090,0.0
22105,0.0
22107,0.0
22154,22154.0
22158,0.0
22185,0.0
22205,10605.5
22233,0.0
22240,0.0
22264,0.0
22266,0.0
22272,10402.0
22273,22273.0
22275,0.0
22286,0.0
22297,0.0
22334,21313.0
22345,0.0
22365,0.0
22371,7457.0
22413,22413.0
22438,3210.0
22445,0.0
22454,17607.333333333332
22460,0.0
22464,0.0
22467,0.0
22470,0.0
22476,0.0
22486,18810.0
22500,0.0
22503,2092.0
22527,22527.0
22547,10395.666666666666
22551,0.0
22572,9294.0
22583,19845.0
22585,0.0
22609,0.0
22619,0.0
22630,0.0
22633,20282.0
22647,0.0
22650,0.0
22654,22584.0
22684,0.0
22686,19331.0
22687,0.0
22722,0.0
22735,472.5
22736,0.0
22743,0.0
22756,0.0
22760,0.0
22764,18090.0
22766,0.0
22789,0.0
22797,0.0
22802,0.0
22808,8127.0
22827,0.0
22841,0.0
22843,4830.0
22845,22845.0
22848,0.0
22854,22854.0
22868,5749.333333333333
22872,0.0
22877,10968.5
22885,0.0
22896,0.0
22916,0.0
22945,0.0
22954,22234.0
22959,0.0
22993,0.0
23002,822.0
23039,0.0
23073,0.0
23079,0.0
23080,0.0
23083,0.0
23101,23074.5
23103,0.0
23106,0.0
23123,2194.0
23146,0.0
23148,0.0
23168,23168.0
23186,0.0
23203,23203.0
23217,11769.5
23230,23230.0
23242,0.0
23243,5065.0
23245,23245.0
23256,23256.0
23260,0.0
23274,0.0
23283,0.0
23292,0.0
23320,0.0
23361,10104.5
23406,0.0
23428,2635.0
23437,0.0
23448,23448.0
23459,0.0
23475,0.0
23476,0.0
23479,0.0
23484,11622.75
23501,283.0
23507,19107.0
23529,11764.5
23531,23531.0
23542,0.0
23544,0.0
23569,16058.0
23584,23584.0
23589,0.0
23595,0.0
23596,12085.0
23608,0.0
23613,11174.0
23628,0.0
23633,0.0
23650,0.0
23697,0.0
23706,23602.0
23716,23716.0
23720,0.0
23722,0.0
23752,0.0
23756,0.0
23759,22934.0
23760,0.0
23780,0.0
23785,0.0
23791,0.0
23816,0.0
23863,0.0
23867,0.0
23870,0.0
23885,0.0
23922,0.0
23923,0.0
23933,0.0
23977,11974.0
23979,0.0
24007,14641.0
24009,0.0
24015,0.0
24017,0.0
24038,8186.333333333333
24042,13017.0
24049,11753.0
24054,0.0
24072,9281.333333333334
24080,0.0
24086,0.0
24091,0.0
24096,0.0
24120,8112.0
24142,13881.0
24146,2866.0
24166,0.0
24181,14302.0
24185,0.0
24191,24191.0
24196,20528.0
24199,0.0
24213,2683.0
24223,0.0
24224,0.0
24255,24255.0
24256,0.0
24273,0.0
24276,0.0
24335,0.0
24338,0.0
24339,23541.0
24347,24347.0
24359,8964.0
24402,23953.0
24406,15330.0
24409,0.0
24415,24415.0
24427,14330.0
24431,20267.0
24443,0.0
24474,19619.0
24488,24488.0
24503,0.0
24517,6478.0
24518,0.0
24526,0.0
24535,0.0
24547,0.0
24554,10776.333333333334
24555,24555.0
24561,0.0
24608,12304.0
24613,0.0
24624,0.0
24626,0.0
24627,11637.5
24635,0.0
24641,0.0
24644,0.0
24649,24649.0
24650,0.0
24657,0.0
24669,0.0
24678,0.0
24684,0.0
24694,0.0
24723,0.0
24736,0.0
24747,0.0
24751,22933.0
24774,20356.0
24777,0.0
24786,18272.0
24798,0.0
24799,24721.0
24822,0.0
24827,0.0
24829,0.0
24832,24832.0
24833,15794.0
24837,0.0
24843,0.0
24857,12482.0
24863,0.0
24892,20001.0
24896,24896.0
24901,0.0
24905,0.0
24919,24919.0
24931,14586.333333333334
24947,0.0
24956,0.0
24957,0.0
24962,0.0
24965,24936.0
24970,2403.0
24973,0.0
25037,6474.0
25044,0.0
25060,12002.0
25073,0.0
25076,0.0
25080,0.0
25095,24755.0
25097,0.0
25108,10117.0
25116,25116.0
25121,25121.0
25135,16945.0
25139,16211.0
25154,0.0
25164,0.0
25170,25170.0
25173,25173.0
25174,15255.0
25183,25142.0
25191,25191.0
25204,0.0
25207,0.0
25208,24524.0
25216,16038.0
25224,25224.0
25232,25232.0
25239,15685.0
25243,25243.0
25281,0.0
25306,25306.0
25339,0.0
25359,0.0
25406,23667.0
25435,23922.0
25437,0.0
25444,22393.0
25456,25456.0
25472,0.0
25484,0.0
25498,0.0
25501,0.0
25504,0.0
25506,0.0
25529,10214.5
25534,0.0
25536,2896.5
25537,16422.0
25546,25546.0
25549,0.0
25555,0.0
25558,0.0
25575,25575.0
25579,0.0
25597,0.0
25640,0.0
25646,0.0
25656,24746.0
25668,0.0
25684,0.0
25690,0.0
25693,6124.0
25706,0.0
25711,0.0
25747,25575.0
25765,25765.0
25783,0.0
25801,25801.0
25809,0.0
25812,0.0
25822,0.0
25823,25823.0
25830,0.0
25832,0.0
25850,24109.0
25857,22263.0
25881,14675.0
25887,24264.0
25934,25934.0
25965,0.0
25973,12986.5
26005,22557.0
26035,1797.5
26074,26074.0
26092,0.0
26119,7173.0
26138,26138.0
26140,0.0
26148,23185.0
26165,0.0
26169,5515.0
26194,5434.0
26195,0.0
26215,0.0
26279,0.0
26280,0.0
26282,0.0
26301,26301.0
26358,26358.0
26389,13194.5
26394,26394.0
26395,0.0
26434,0.0
26442,1069.0
26474,15617.0
26479,20059.0
26491,26091.0
26523,17152.0
26524,0.0
26529,0.0
26546,0.0
26554,0.0
26562,17791.0
26577,22766.0
26580,7675.0
26602,26602.0
26616,15251.0
26670,0.0
26674,13337.0
26678,0.0
26682,0.0
26697,10438.333333333334
26702,0.0
26712,0.0
26728,11883.5
26733,0.0
26737,4100.0
26743,0.0
26744,25965.0
26750,0.0
26752,0.0
26769,0.0
26770,7546.0
26784,26033.0
26802,0.0
26821,26821.0
26835,0.0
26842,15518.0
26894,0.0
26909,13454.5
26948,0.0
26979,0.0
26996,1246.5
26997,26997.0
27014,0.0
27028,19639.0
27048,0.0
27054,27054.0
27089,27089.0
27096,27096.0
27097,0.0
27103,27103.0
27122,0.0
27123,0.0
27131,6737.0
27153,0.0
27158,27158.0
27164,0.0
27174,17538.0
27183,2722.0
27184,23483.0
27196,26916.0
27197,0.0
27201,19334.0
27210,0.0
27234,0.0
27236,0.0
27247,27227.0
27248,0.0
27271,27271.0
27279,0.0
27285,18150.0
27331,26784.0
27337,27328.0
27353,0.0
27381,0.0
27386,0.0
27400,0.0
27405,0.0
27412,13890.0
27483,21714.0
27484,0.0
27485,0.0
27489,17820.0
27498,27498.0
27518,0.0
27529,0.0
27543,0.0
27546,0.0
27555,27555.0
27556,0.0
27568,0.0
27573,0.0
27578,8839.0
27592,24102.0
27625,14327.0
27629,16510.0
27630,0.0
27642,0.0
27666,27666.0
27675,0.0
27686,0.0
27689,0.0
27713,27713.0
27715,24208.0
27721,0.0
27723,0.0
27761,0.0
27777,0.0
27786,0.0
27789,25738.0
27804,19472.0
27810,0.0
27819,0.0
27836,17549.0
27840,14228.0
27844,14012.0
27858,27858.0
27868,3571.0
27890,1535.0
27898,16533.0
27905,13497.0
27908,0.0
27909,27909.0
27959,0.0
27975,27944.5
27983,10878.5
28018,22884.0
28030,0.0
28048,0.0
28058,27424.0
28062,0.0
28065,0.0
28067,0.0
28070,12729.0
28072,0.0
28102,0.0
28110,0.0
28134,0.0
28157,0.0
28186,25271.0
28190,13294.5
28194,11121.0
28221,0.0
28222,17289.0
28251,16068.5
28262,28262.0
28272,0.0
28273,26968.0
28298,0.0
28321,14255.0
28336,0.0
28337,28123.0
28340,21926.0
28351,0.0
28373,21215.0
28377,0.0
28382,0.0
28383,0.0
28391,28391.0
28414,139.0
28424,0.0
28426,28426.0
28444,0.0
28458,0.0
28476,0.0
28489,0.0
28516,2648.0
28526,28526.0
28530,15427.0
28546,27467.0
28574,0.0
28576,28576.0
28591,18053.0
28595,1099.0
28612,28612.0
28651,0.0
28689,0.0
28703,28416.0
28714,0.0
28724,0.0
28740,0.0
28759,18008.0
28765,0.0
28771,28389.0
28808,0.0
28817,0.0
28834,18261.0
28839,24249.0
28842,0.0
28865,0.0
28870,1104.0
28880,0.0
28897,0.0
28937,21072.0
28939,0.0
28941,0.0
28951,0.0
28965,0.0
28966,28847.0
28967,0.0
28984,0.0
29017,0.0
29027,5497.25
29034,0.0
29040,29040.0
29042,0.0
29044,28069.0
29063,0.0
29065,0.0
29125,4163.0
29127,27619.0
29136,0.0
29151,14471.0
29156,0.0
29158,21960.5
29171,0.0
29185,0.0
29186,0.0
29256,29256.0
29261,0.0
29269,0.0
29274,29274.0
29281,0.0
29312,0.0
29346,0.0
29356,0.0
29366,0.0
29373,18785.0
29384,0.0
29418,29418.0
29424,16206.0
29438,18640.0
29442,29371.0
29466,0.0
29468,0.0
29472,0.0
29485,0.0
29490,0.0
29498,29498.0
29512,0.0
29519,8428.0
29520,29520.0
29549,0.0
29551,0.0
29555,25729.0
29585,29585.0
29605,5515.0
29609,0.0
29640,0.0
29649,0.0
29650,0.0
29668,25894.0
29690,0.0
29701,17470.0
29707,1184.0
29715,0.0
29721,0.0
29735,0.0
29742,13933.0
29751,4350.0
29757,0.0
29786,0.0
29833,0.0
29836,29748.0
29909,0.0
29946,0.0
30000,0.0
30037,0.0
30064,0.0
30082,13583.0
30118,11079.0
30120,30120.0
30147,0.0
30151,0.0
30162,0.0
30169,17164.0
30181,30181.0
30202,11166.0
30233,0.0
30274,0.0
30320,0.0
30321,0.0
30361,0.0
30393,0.0
30402,4235.0
30446,25153.0
30449,30449.0
30477,0.0
30499,24539.0
30500,19835.0
30512,30512.0
30546,0.0
30559,30559.0
30576,0.0
30599,30599.0
30605,30605.0
30620,28718.0
30633,12189.6
30689,0.0
30692,2498.5
30708,24467.0
30720,30720.0
30724,0.0
30729,0.0
30742,0.0
30745,30745.0
30758,0.0
30806,0.0
30810,30810.0
30820,26622.0
30829,0.0
30847,0.0
30855,0.0
30856,20825.0
30885,0.0
30902,22722.0
30927,30927.0
30943,21428.0
30955,30955.0
30959,0.0
30960,0.0
30963,24377.0
30970,0.0
30973,0.0
30977,0.0
30999,0.0
31001,0.0
31007,17982.0
31013,31013.0
31037,0.0
31044,3663.0
31069,0.0
31084,31084.0
31102,0.0
31149,30829.0
31174,20358.0
31176,31176.0
31182,13501.0
31185,0.0
31188,0.0
31191,29316.0
31201,12737.0
31208,31208.0
31228,0.0
31241,0.0
31260,0.0
31293,15646.5
31302,0.0
31308,0.0
31310,0.0
31318,0.0
31335,0.0
31343,0.0
31351,14289.5
31378,29988.0
31409,0.0
31417,0.0
31433,0.0
31460,22765.0
31487,0.0
31528,31528.0
31545,18982.0
31566,16958.5
31583,0.0
31596,0.0
31616,21183.0
31658,28822.0
31674,31674.0
31721,0.0
31732,0.0
31741,31741.0
31744,0.0
31750,0.0
31775,11449.0
31776,0.0
31784,0.0
31823,0.0
31825,0.0
31839,9767.333333333334
31846,13317.666666666666
31847,0.0
31851,0.0
31852,31577.0
31877,10140.0
31900,31900.0
31981,31059.0
31988,0.0
32033,27417.0
32039,22623.0
32042,0.0
32045,0.0
32076,0.0
32094,0.0
32113,0.0
32123,27200.0
32140,29752.0
32155,0.0
32181,0.0
32187,32187.0
32203,0.0
32221,32221.0
32236,0.0
32281,23840.0
32291,0.0
32297,0.0
32338,11798.0
32341,0.0
32357,2611.0
32359,17963.0
32366,32336.0
32443,15682.0
32454,0.0
32486,0.0
32487,0.0
32492,0.0
32508,0.0
32514,26483.0
32536,24617.5
32546,32546.0
32554,0.0
32693,4796.0
32713,6773.5
32724,2497.0
32739,12661.333333333334
32741,32741.0
32743,9529.0
32751,32751.0
32807,14199.666666666666
32809,32809.0
32818,0.0
32832,26617.0
32896,29488.5
32904,10026.0
32907,0.0
32912,840.0
32938,0.0
32991,20441.0
33003,27742.666666666668
33048,0.0
33052,13327.0
33071,0.0
33083,0.0
33087,0.0
33093,33093.0
33095,0.0
33144,22512.0
33206,0.0
33208,9703.0
33217,0.0
33222,33222.0
33231,20329.0
33232,32318.0
33255,0.0
33271,15705.0
33296,32080.0
33297,21688.0
33323,33091.0
33329,0.0
33332,0.0
33345,0.0
33421,6091.0
33427,33427.0
33428,25437.0
33455,31507.0
33496,0.0
33534,33455.0
33537,29480.5
33547,24028.5
33619,0.0
33625,0.0
33630,0.0
33638,0.0
33721,0.0
33740,9213.0
33746,0.0
33755,33433.0
33774,5226.0
33781,7458.5
33782,0.0
33816,26505.0
33823,0.0
33856,0.0
33857,0.0
33918,22885.0
33949,17558.5
33970,14360.0
33998,0.0
33999,16999.5
34001,0.0
34022,15865.666666666666
34042,34042.0
34055,30565.0
34062,32226.0
34113,15970.0
34136,7042.0
34137,0.0
34142,0.0
34167,0.0
34183,0.0
34187,34187.0
34190,27192.0
34224,0.0
34241,0.0
34252,19228.0
34270,10587.0
34284,0.0
34297,0.0
34304,34304.0
34335,0.0
34390,0.0
34397,0.0
34414,14475.0
34421,19032.5
34451,34270.0
34472,19593.0
34506,0.0
34509,34509.0
34518,28790.0
34539,0.0
34567,3697.0
34583,0.0
34619,21573.0
34624,34624.0
34632,0.0
34657,0.0
34673,26004.0
34694,18623.0
34700,9469.666666666666
34713,0.0
34748,34748.0
34774,0.0
34814,28038.0
34897,4114.0
34913,34913.0
35031,2926.0
35039,0.0
35047,31430.0
35061,0.0
35062,19997.0
35121,0.0
35154,35154.0
35266,17221.0
35273,29021.0
35390,29253.0
35403,18520.0
35454,14074.0
35517,22418.5
35557,0.0
35599,0.0
35604,35511.666666666664
35610,22872.0
35644,0.0
35659,0.0
35675,0.0
35690,0.0
35712,0.0
35713,23707.0
35778,0.0
35931,26611.0
35943,24473.0
35981,19424.0
36087,19448.0
36137,0.0
36141,17618.0
36167,29567.5
36192,0.0
36209,0.0
36231,30503.0
36248,18297.25
36259,33559.5
36267,0.0
36270,23603.0
36296,0.0
36297,0.0
36308,0.0
36406,0.0
36413,0.0
36433,0.0
36475,0.0
36512,27154.0
36517,5924.0
36537,0.0
36557,0.0
36584,7275.0
36608,0.0
36638,35011.0
36668,1823.0
36674,5931.0
36689,32.0
36726,0.0
36843,0.0
36848,10223.0
36851,0.0
36876,0.0
36945,0.0
36965,0.0
36976,31836.0
36987,25377.0
37025,36303.0
37042,0.0
37045,21270.0
37072,6622.0
37097,0.0
37116,10063.0
37159,36535.0
37207,0.0
37230,0.0
37231,624.0
37270,3438.0
37275,37118.0
37379,31985.0
37432,29293.0
37459,10263.0
37461,4930.0
37521,9542.0
37529,0.0
37531,23413.5
37549,0.0
37571,30727.0
37615,0.0
37628,27806.0
37644,0.0
37683,2292.0
37685,15904.0
37758,0.0
37769,12253.0
37776,0.0
37782,0.0
37798,0.0
37812,14254.0
37817,0.0
37845,0.0
37891,0.0
37904,37904.0
37964,31260.0
38025,0.0
38034,9678.0
38058,11957.0
38096,8176.333333333333
38120,0.0
38141,23435.1
38150,27362.0
38167,0.0
38226,0.0
38243,0.0
38329,38329.0
38358,0.0
38424,0.0
38442,0.0
38451,0.0
38455,38455.0
38473,10522.0
38568,0.0
38570,37695.0
38638,38616.0
38663,0.0
38703,0.0
38726,0.0
38741,37342.0
38748,8872.0
38754,0.0
38817,0.0
38859,1057.5
38910,0.0
38924,0.0
38942,0.0
38981,31857.0
39105,0.0
39106,0.0
39107,25476.0
39132,39132.0
39176,4567.0
39207,7966.0
39243,23071.0
39304,0.0
39329,4897.333333333333
39373,0.0
39375,26007.0
39438,0.0
39439,0.0
39449,0.0
39458,0.0
39466,39466.0
39481,26397.0
39513,0.0
39517,28258.0
39573,0.0
39597,0.0
39606,39606.0
39659,19829.5
39680,0.0
39721,26890.5
39722,0.0
39745,0.0
39819,32207.0
39821,0.0
39850,12492.0
39869,0.0
39881,15198.0
39913,0.0
39961,11007.5
40001,0.0
40028,0.0
40075,0.0
40129,0.0
40134,15300.0
40138,14993.25
40180,30830.0
40185,37197.0
40218,38225.0
40332,2850.0
40516,0.0
40642,0.0
40645,4881.0
40745,0.0
40753,40753.0
40774,16235.0
40841,21148.0
40846,11103.0
40864,22916.0
40872,0.0
40899,8856.0
40925,0.0
40973,23239.0
41010,5894.666666666667
41045,31194.0
41088,0.0
41103,23486.0
41128,15224.0
41137,41124.0
41167,0.0
41197,11328.0
41216,14420.5
41227,11560.0
41282,41269.0
41318,18973.0
41325,31622.0
41346,30342.8
41398,31821.0
41451,5347.0
41476,19581.0
41558,0.0
41568,20013.0
41580,39076.0
41599,39408.0
41661,41546.0
41669,0.0
41685,0.0
41710,0.0
41727,0.0
41760,0.0
41788,19033.0
41797,0.0
41805,0.0
41831,0.0
41838,36916.0
41871,21720.0
41971,29660.0
42013,0.0
42014,21127.0
42033,10455.0
42040,0.0
42094,37058.0
42123,42123.0
42129,19952.5
42146,0.0
42150,0.0
42156,18284.4
42160,0.0
42239,0.0
42264,0.0
42265,0.0
42279,12669.0
42319,8592.5
42330,42330.0
42359,42359.0
42441,22542.0
42515,21028.0
42538,8700.0
42553,26028.0
42650,0.0
42679,0.0
42726,0.0
42807,0.0
42813,6483.0
42858,42858.0
42877,0.0
42906,0.0
42938,0.0
42954,0.0
42958,37517.0
43000,0.0
43034,39450.0
43084,0.0
43156,0.0
43173,19285.5
43339,0.0
43352,24915.0
43372,13065.0
43377,9153.0
43400,0.0
43408,0.0
43606,29401.0
43651,0.0
43738,43512.0
43925,2260.0
43937,0.0
44003,41936.0
44051,20136.0
44075,0.0
44102,0.0
44120,26595.0
44125,9356.0
44130,43019.0
44164,25608.0
44190,32514.0
44192,13300.0
44234,43569.0
44250,0.0
44283,17503.0
44330,44330.0
44378,18476.0
44431,786.0
44444,44355.0
44467,12701.0
44528,0.0
44553,31236.0
44576,43386.0
44605,12661.0
44792,24130.0
44819,26912.0
44843,209.0
44850,10619.0
44911,19576.0
44918,37116.75
44951,44951.0
44961,0.0
44984,13194.5
45020,0.0
45076,25798.0
45089,26087.0
45090,13255.0
45098,28387.0
45104,22291.0
45192,31.0
45260,20476.0
45299,0.0
45304,4727.0
45317,0.0
45325,0.0
45332,31901.0
45349,9853.0
45357,41767.0
45382,45382.0
45387,0.0
45508,0.0
45517,31876.0
45528,43490.0
45558,44353.0
45675,33163.5
45735,36638.0
45809,0.0
45823,35570.0
45831,19650.0
45924,21714.0
46069,24515.0
46136,24162.777777777777
46246,45233.0
46362,13624.0
46445,46445.0
46537,12865.0
46546,28571.0
46554,46554.0
46652,13199.0
46664,22603.0
46705,24973.0
46726,26520.0
46773,0.0
46784,0.0
46790,0.0
46877,0.0
46917,46917.0
46956,0.0
47004,14711.0
47052,36914.0
47108,28483.0
47119,12464.0
47120,4712.0
47144,0.0
47161,25532.0
47228,31205.0
47246,18476.5
47328,18079.5
47377,47377.0
47389,36393.0
47460,0.0
47567,0.0
47581,8706.0
47666,0.0
47677,0.0
47700,18617.0
47797,0.0
47806,36886.0
47872,41103.0
47885,44271.0
47890,27050.0
47922,47922.0
48011,32189.0
48038,22779.333333333332
48084,22114.0
48122,0.0
48212,0.0
48293,18308.14285714286
48325,0.0
48409,27610.0
48516,47680.0
48543,0.0
48597,0.0
48599,37485.5
48685,46672.5
48790,48790.0
48881,0.0
48967,40987.0
48969,0.0
49022,24718.0
49098,34752.5
49111,0.0
49138,0.0
49224,19408.0
49258,29216.0
49261,0.0
49271,43415.0
49446,0.0
49475,28803.0
49501,30164.0
49554,0.0
49607,4772.0
49622,33916.0
49840,0.0
49881,21369.0
50088,31516.0
50112,28788.5
50164,27815.0
50301,50301.0
50438,13024.0
50566,32691.0
50575,8970.0
50618,50618.0
50734,0.0
50745,25367.5
50896,15403.0
50904,46607.0
50989,50043.0
51059,0.0
51110,0.0
51148,21228.0
51305,8017.0
51322,17957.0
51365,46508.0
51464,6398.5
51642,35737.0
51646,10148.0
51674,3287.0
51864,0.0
51877,16780.0
51878,31429.0
51916,51916.0
51999,9264.0
52015,52015.0
52076,18733.0
52106,52106.0
52162,0.0
52234,27323.5
52276,0.0
52380,0.0
52442,37947.5
52516,29905.0
52601,0.0
52603,0.0
52734,0.0
52783,23332.0
52807,14851.666666666666
52952,52635.0
53156,0.0
53170,27464.0
53223,0.0
53692,53008.0
53730,30401.0
54067,12254.0
54116,0.0
54122,3105.0
54167,8224.0
54210,54210.0
54289,15667.0
54396,9260.0
54496,42390.0
54534,0.0
54592,28807.0
54617,0.0
54636,52526.0
54802,16933.0
55020,17195.0
55179,17226.666666666668
55206,55206.0
55288,43399.0
55389,14690.5
55438,26518.0
55577,0.0
55679,10236.0
55698,11691.0
55834,0.0
56018,0.0
56110,0.0
56267,0.0
56609,0.0
56838,0.0
56850,55504.0
56861,56724.0
56881,33573.0
56980,56912.0
57017,23807.0
57157,0.0
57243,8.0
57310,26498.0
57658,15194.0
57693,22962.0
57922,45859.0
57936,32413.0
58783,0.0
59220,0.0
59333,25763.0
59511,0.0
59538,0.0
59995,124.0
60115,21949.0
60218,0.0
60457,53632.0
60469,51394.0
60585,48332.0
60614,33736.0
60644,60644.0
60865,0.0
61285,0.0
62164,61932.0
62372,62372.0
62386,0.0
62449,20444.0
62699,58939.0
62769,24929.0
62913,0.0
62927,0.0
63019,0.0
63212,0.0
63271,0.0
63509,49780.0
63542,49445.0
63631,63631.0
64086,48834.5
64273,27090.0
64315,9672.0
64513,64513.0
64551,0.0
64788,7805.0
65315,0.0
65881,57679.0
66299,581.0
66651,0.0
66672,32144.0
66705,5956.0
67170,5238.0
67794,0.0
67876,17363.5
67904,27194.85714285714
68110,9608.5
68529,0.0
69106,0.0
69113,59850.0
69319,19285.0
69631,16861.0
69981,0.0
70525,52508.0
70721,18389.0
71884,46902.25
72323,0.0
73030,0.0
73251,0.0
73782,50228.0
73948,18252.0
73980,7428.0
74383,0.0
75075,75075.0
75110,21329.0
75472,5811.0
75781,50013.0
75827,75827.0
76741,0.0
76884,0.0
77350,0.0
77463,23186.0
77592,0.0
77700,0.0
77978,52929.0
77990,0.0
79002,49667.5
79146,79146.0
79305,62372.0
79550,57319.0
80030,26629.0
80469,4384.6
80529,0.0
80975,6321.0
81084,38922.0
82204,0.0
82387,0.0
82945,46783.0
83014,0.0
84143,84143.0
84519,79384.0
84652,52925.0
85000,65561.0
85518,0.0
85849,42924.5
86691,49510.0
87290,0.0
88052,0.0
88388,34124.0
88536,19266.0
88686,26890.0
88913,88913.0
89159,25358.0
89476,24850.0
90051,0.0
90531,16376.5
90662,23187.0
90708,49353.0
91153,0.0
93621,0.0
93657,53062.75
93882,0.0
94075,68452.0
95395,50819.0
95861,53201.0
95923,64047.0
96386,68705.0
96800,88673.0
96981,82695.0
97005,59813.5
97706,49508.0
97808,33636.5
98338,10192.0
98655,53462.5
99795,21196.0
100837,27839.0
100913,73864.0
102110,20801.0
102162,28155.0
102852,46317.0
103029,0.0
103343,35702.0
104010,17873.0
104041,0.0
104224,10847.0
104321,104321.0
104546,21117.0
104877,19711.0
105303,32405.0
105439,100262.0
105542,0.0
107062,80869.0
107339,82972.5
108956,108956.0
109021,14497.5
109613,54661.0
110712,79284.0
111241,15740.0
111725,46257.666666666664
112269,111810.0
113170,71321.5
113383,59851.5
113772,46542.0
114184,0.0
115962,79091.0
116314,0.0
116362,36000.0
117784,86946.0
117889,82702.0
118597,25485.0
118788,0.0
119312,92205.0
119980,51167.5
120079,117188.0
120229,60233.0
122027,7001.0
122030,86613.0
122151,3514.0
122855,506.0
123483,0.0
123636,19370.0
123699,30350.0
123878,91009.5
123903,26050.0
124437,34791.0
124478,116504.0
125550,18117.0
126201,26513.0
126573,47126.5
126658,101556.0
127140,99323.0
127246,126963.0
127436,25683.5
127913,35545.0
128208,48770.0
128543,50451.0
128696,65099.0
129273,38034.0
130212,100398.0
130413,127311.5
130450,61787.666666666664
130677,114346.0
131042,92971.0
131179,31372.0
131562,46623.0
131913,107294.0
132655,54041.0
132666,33332.0
132728,35821.0
132904,113567.0
132930,109315.0
133132,2625.0
133395,19773.0
134160,73974.0
134859,71863.0
134904,87886.0
135601,8985.0
135833,21706.0
136096,11667.0
136254,127817.0
136482,65326.0
137494,137494.0
137601,0.0
138318,25350.0
138387,80365.5
138531,0.0
138844,79283.0
139017,119979.0
139319,97532.0
139751,52120.0
140049,92604.0
140121,34274.0
141548,24529.5
142268,48545.0
143068,31889.0
144603,88331.0
145058,113783.5
145394,50549.0
145632,115680.0
145751,26683.0
146730,0.0
146989,139481.0
147328,0.0
149300,55952.2
151649,120612.0
152293,81591.0
152528,0.0
152929,61638.5
153224,28766.0
153948,48081.0
155669,108226.0
162252,23509.0
163599,43565.0
164196,0.0
165678,74366.0
165896,126110.0
166920,66524.0
167191,85725.0
168518,29775.0
168519,39804.0
173347,95885.0
173660,0.0
174632,107015.5
175619,151868.0
177730,23431.0
182310,168239.0
183157,172583.0
183586,94177.0
184544,117062.0
185518,98504.5
188764,86822.5
191862,132695.0
193236,193082.0
194503,3189.0
195517,75649.33333333333
197400,0.0
198830,0.0
199538,162855.0
205307,30283.0
206089,32561.0
206674,26907.0
207825,132021.0
208706,206183.0
209052,88307.0
209249,126737.0
209283,118609.66666666667
209764,104916.6
211527,33095.0
212666,72224.0
214240,40811.0
215240,51894.0
215722,31720.0
217544,125347.66666666667
219682,79952.5
219877,26526.0
221325,132817.5
224186,224186.0
224953,57357.0
225714,157770.0
225998,130367.0
226722,153956.0
227419,139824.0
228876,27778.0
229554,160019.5
229690,213325.0
229949,157137.0
230993,84019.28571428571
238991,104490.5
239702,99600.0
240608,213992.0
240830,155678.0
242723,134867.0
243802,182922.0
248681,200066.0
253642,152093.0
255039,166545.0
258215,241889.0
261681,121802.8
262124,134159.0
266360,205264.0
267797,200640.0
269735,176331.0
270508,198609.0
270956,187665.4
278486,89561.5
282332,150403.0
283137,153709.5
286089,227912.0
288586,288586.0
288832,189709.0
289291,234655.0
292532,248527.33333333334
293719,95691.0
293853,167373.0
294533,47463.0
296398,203287.66666666666
296520,167118.33333333334
296638,122199.0
297617,141012.0
299959,287249.5
302410,54477.0
303550,134270.5
303593,153045.33333333334
303824,170988.5
304067,111321.0
308109,280.0
308171,115199.33333333333
308405,290512.0
308504,308504.0
309323,234951.0
310602,48949.0
311850,116001.25
316359,142988.0
317482,178238.66666666666
320975,271542.0
321872,42941.5
323043,147905.0
331996,68044.0
332309,215996.0
342721,190317.0
351288,175781.0
352099,156021.2
352570,156531.0
353031,97391.0
357644,103357.0
361667,79372.0
365758,348077.5
369420,157188.0
369813,240206.5
371150,293165.3333333333
373844,4051.0
374181,287301.0
375444,24687.0
375845,119036.33333333333
378017,339512.0
381579,220707.0
387211,170156.3076923077
388506,256780.66666666666
390174,301207.0
390856,207966.0
392621,253491.0
393184,271758.0
394505,25741.0
402356,359515.0
403328,351948.0
403885,249266.5
406343,119520.0
408115,0.0
408597,334024.5
413399,308882.0
415024,311300.0
416460,311142.0
416515,36721.0
418340,400279.0
421696,394062.0
429887,287728.0
430584,377749.0
432351,380916.0
441550,304599.0
461661,355668.0
467662,218188.66666666666
470739,245260.5
473176,319031.0
479030,157553.0
482661,30147.0
483659,466064.0
485427,116382.0
488063,75041.5
489727,162021.83333333334
491630,363795.0
504300,246181.72727272726
505740,225029.5
509195,75217.5
516216,181595.5
518280,182174.15384615384
522115,109231.0
541507,361189.25
543416,367832.25
549035,120127.5
555943,207063.0
556555,319935.75
557528,186336.125
558092,26640.0
563160,152525.0
563307,206450.0
563826,450828.0
566838,286115.0
568931,388394.5
573032,453701.5
575654,15484.0
604516,449147.5
604853,267356.0
625176,93310.0
629139,223014.0
636033,368759.0
651224,632583.0
651743,406985.0
653252,327242.0
660494,75370.5
663371,351321.5
665136,292094.0
711641,367630.4166666667
725388,207965.0
735063,634748.0
741943,289188.5
744180,454729.0
748783,200961.0
755816,295392.25
760490,161744.0
765824,711017.3913043478
780905,204324.33333333334
784681,308055.6842105263
801528,373277.4285714286
808125,101128.5
810521,655705.3333333334
811809,526684.25
811941,358718.1666666667
824134,460629.0
825760,485499.5
827980,342174.0
835708,315223.5
839282,554721.6666666666
848320,660033.5
880562,222910.0
881613,488142.5
885466,344789.0
914300,44858.875
922283,328808.0
929606,400923.2
991354,322697.5
993223,225940.0
994177,468561.46153846156
1002530,460110.5
1002564,442531.6666666667
1008245,164897.0
1010223,272602.8
1091374,93192.5
1099553,501341.0
1100491,510972.5
1119240,107208.0
1140833,695789.0
1143169,491019.0
1161110,1112369.0
1175078,698769.0
1194367,1008352.0
1245341,259795.0
1247187,201704.0
1250025,276142.0
1265006,613642.1666666666
1287703,375196.82352941175
1308438,928019.0
1327263,798393.5
1338951,1079758.5
1346109,796380.875
1353309,370765.5
1358504,784193.4
1572327,1448386.5
1585637,601994.3448275862
1601246,561979.0
1753295,1105902.0
1976071,1180863.4
2138575,1450770.888888889
2284372,2163620.0
2286125,865879.6666666666
2397904,2171905.0
2475311,1043169.0
3504995,2171539.73015873
3594187,990356.3333333334
3926079,1527624.6666666667
4134244,3238796.0
4452964,2320620.214285714
5937419,2959208.2641509436
7154934,2899585.375
