time(minutes),avg_commits
0,3.932345195555338
15,0.9522381856398512
30,0.7674644728783224
45,0.6733773414029047
60,0.6054494438813286
75,0.5745250007229822
90,0.5567560979325685
105,0.5247616059020551
120,0.527096769863694
135,0.5075404952522807
150,0.5134512422326012
165,0.5144572578044623
180,0.5137124711316398
195,0.4994239027966901
210,0.5063211346524251
225,0.5266847249167246
240,0.5273858523978175
255,0.5257206186187391
270,0.5361689830018653
285,0.5278256892361781
300,0.545469280016671
315,0.585803712107847
330,0.5915996539903245
345,0.5790393131373319
360,0.6091580544502019
375,0.6024735384498653
390,0.6232110498127492
405,0.6376568177144032
420,0.6595997332773094
435,0.6441275577477169
450,0.6794493916969773
465,0.6942410493688513
480,0.6830454347510524
495,0.7208487469389881
510,0.7365016872890888
525,0.7314123846364716
540,0.6435009840729041
555,0.6013529027358308
570,0.6038681948424068
585,0.6019757358710742
600,0.6055381847774874
615,0.6176436978631014
630,0.6472076894999391
645,0.5969008371899537
660,0.6295834718068019
675,0.6427725819817687
690,0.6891236083357123
705,0.6584800899274449
720,0.702269643970227
735,0.6598154528533523
750,0.7243474540008558
765,0.700083426028921
780,0.75556778939993
795,0.7992627527511248
810,0.7157888549259346
825,0.7152410674479333
840,0.6669425477619146
855,0.6538347205707491
870,0.6137848605577689
885,0.5444435011461075
900,0.5726096333572969
915,0.5253869384673462
930,0.4582755203171457
945,0.444559051057246
960,0.4673738347798136
975,0.45036131183991107
990,0.35033234013293607
1005,0.33589228770520846
1020,0.3585134806898227
1035,0.34226190476190477
1050,0.29266124936515997
1065,0.3212898212898213
1080,0.31371511704800953
1095,0.349925605302313
1110,0.31374172185430466
1125,0.3277050794990854
1140,0.34434907010014304
1155,0.36758490016032647
1170,0.41697581243507936
1185,0.38837456366671724
1200,0.3283304966733715
1215,0.3828112702660161
1230,0.38927252288421393
1245,0.37797082445500735
1260,0.39712758851035407
1275,0.4531784005468216
1290,0.41066759630468885
1305,0.433445885907233
1320,0.476950998185118
1335,0.522271714922049
1350,0.47417394606912266
1365,0.648732339849042
1380,0.5834482758620689
1395,0.4942713567839196
1410,0.6078552333950237
1425,0.6613175675675675
1440,0.6595836947094535
1455,0.7059085841694538
1470,0.672910004568296
1485,0.6611163227016885
1500,0.6244583533943188
1515,0.5806293018682399
1530,0.5190285428142213
1545,0.5062579821200511
1560,0.6683233063039498
1575,0.5580273385151434
1590,0.6048673776319388
1605,0.5408734602463606
1620,0.5602979089086222
1635,0.6156988619784067
1650,0.6118067978533095
1665,0.4726775956284153
1680,0.593643937056464
1695,0.48848217103187125
1710,0.6061093247588425
1725,0.6265533028122956
1740,0.5539182853315472
1755,0.5386986301369863
1770,0.6141759776536313
1785,0.5197438633938101
1800,0.47345454545454546
1815,0.6879169755374351
1830,0.6820415879017013
1845,0.6623981373690337
1860,0.5180483934946449
1875,0.5736434108527132
1890,0.5226988754685548
1905,0.5439864003399915
1920,0.6377952755905512
1935,0.7967698519515478
1950,0.6096207215541165
1965,0.6915754402665397
1980,0.5842259006815969
1995,0.48353293413173654
2010,0.6071246819338423
2025,0.6010443864229765
2040,0.5290948275862069
2055,0.5367074527252503
2070,0.6662837449741528
2085,0.6483126110124334
2100,0.6380778588807786
2115,0.7795128044971893
2130,0.5315139701104613
2145,0.5679676985195155
2160,0.7388579387186629
2175,0.6177105831533477
2190,0.6380458919319023
2205,0.7375287797390637
2220,0.7872509960159363
2235,1.051681706316653
2250,0.6790855207451313
2265,0.6693051890941073
2280,0.7890909090909091
2295,0.7307692307692307
2310,0.6368932038834951
2325,0.6151545363908275
2340,0.5831643002028397
2355,0.41821946169772256
2370,0.560126582278481
2385,0.45376344086021503
2400,0.45136612021857925
2415,0.48004434589800443
2430,0.5846501128668171
2445,0.5325714285714286
2460,0.5895348837209302
2475,0.48406139315230223
2490,0.4302741358760429
2505,0.3216444981862152
2520,0.29075425790754256
2535,0.45955882352941174
2550,0.273176761433869
2565,0.4157303370786517
2580,0.2916666666666667
2595,0.3594351732991014
2610,0.35797665369649806
2625,0.3984272608125819
2640,0.4384105960264901
2655,0.31989247311827956
2670,0.4905149051490515
2685,0.3045267489711934
2700,0.389196675900277
2715,0.401673640167364
2730,0.39747191011235955
2745,0.48717948717948717
2760,0.5451936872309899
2775,0.4644412191582003
2790,0.5900439238653001
2805,0.4718934911242604
2820,0.5716417910447761
2835,0.6418816388467374
2850,0.5336391437308868
2865,0.46296296296296297
2880,0.42924528301886794
2895,0.5492063492063493
2910,0.6507936507936508
2925,0.750402576489533
2940,0.495114006514658
2955,0.6131147540983607
2970,0.3793677204658902
2985,0.605
3000,0.5285234899328859
3015,0.3925549915397631
3030,0.6677966101694915
3045,0.5591766723842195
3060,0.5095652173913043
3075,0.6263157894736842
3090,0.42907801418439717
3105,0.4660714285714286
3120,0.7233273056057866
3135,0.5480943738656987
3150,0.8467153284671532
3165,0.5378927911275416
3180,0.45083487940630795
3195,0.4595103578154426
3210,0.46095238095238095
3225,0.6131528046421664
3240,0.8171206225680934
3255,0.592156862745098
3270,0.6574257425742575
3285,0.48406374501992033
3300,0.3870967741935484
3315,0.4654471544715447
3330,0.5378323108384458
3345,0.46487603305785125
3360,0.7650727650727651
3375,0.5178197064989518
3390,0.524416135881104
3405,0.6716738197424893
3420,0.5521739130434783
3435,0.4444444444444444
3450,0.45248868778280543
3465,0.37471264367816093
3480,0.5118483412322274
3495,0.6009615384615384
3510,0.4963325183374083
3525,0.41133004926108374
3540,0.7039800995024875
3555,0.366412213740458
3570,0.47435897435897434
3585,0.4895287958115183
3600,0.5740740740740741
3615,0.6317204301075269
3630,0.5741758241758241
3645,0.556786703601108
3660,0.4355300859598854
3675,0.5
3690,0.718562874251497
3705,0.6196319018404908
3720,0.4782608695652174
3735,0.5768025078369906
3750,0.3993610223642173
3765,0.7831715210355987
3780,0.521311475409836
3795,0.3488372093023256
3810,0.4831081081081081
3825,0.6508474576271186
3840,0.6517241379310345
3855,0.7789473684210526
3870,0.46830985915492956
3885,0.33687943262411346
3900,0.3010752688172043
3915,0.8327272727272728
3930,0.673992673992674
3945,0.5882352941176471
3960,0.5350553505535055
3975,0.5650557620817844
3990,0.44569288389513106
4005,0.6292134831460674
4020,0.32075471698113206
4035,0.3849056603773585
4050,0.35361216730038025
4065,0.34099616858237547
4080,0.5576923076923077
4095,0.5807692307692308
4110,0.6550387596899225
4125,0.6085271317829457
4140,0.4396887159533074
4155,0.7198443579766537
4170,0.5525291828793775
4185,0.41015625
4200,0.34509803921568627
4215,0.3968253968253968
4230,0.5952380952380952
4245,0.5912698412698413
4260,0.36947791164658633
4275,0.5020080321285141
4290,0.5
4305,0.36475409836065575
4320,0.4139344262295082
4335,0.41735537190082644
4350,0.4708333333333333
4365,0.702928870292887
4380,0.2384937238493724
4395,0.5210084033613446
4410,0.4957983193277311
4425,0.48739495798319327
4440,0.3949579831932773
4455,0.5546218487394958
4470,0.8607594936708861
4485,0.510548523206751
4500,0.7033898305084746
4515,0.5787234042553191
4530,0.5517241379310345
4545,0.8311688311688312
4560,0.8869565217391304
4575,0.7729257641921398
4590,0.6929824561403509
4605,0.9210526315789473
4620,1.0398230088495575
4635,0.6991150442477876
4650,0.6919642857142857
4665,0.757847533632287
4680,0.6244343891402715
4695,0.40271493212669685
4710,0.3256880733944954
4725,0.47685185185185186
4740,0.38317757009345793
4755,0.3644859813084112
4770,0.32242990654205606
4785,0.4392523364485981
4800,0.6179245283018868
4815,0.4386792452830189
4830,0.5924170616113744
4845,0.8181818181818182
4860,0.28846153846153844
4875,0.45410628019323673
4890,0.5566502463054187
4905,0.5960591133004927
4920,0.7475247524752475
4935,0.7738693467336684
4950,0.8140703517587939
4965,0.4387755102040816
4980,0.42346938775510207
4995,0.6051282051282051
5010,0.4791666666666667
5025,0.4574468085106383
5040,0.2956989247311828
5055,0.3901098901098901
5070,0.32222222222222224
5085,0.36666666666666664
5100,0.43258426966292135
5115,0.44
5130,0.5406976744186046
5145,0.6666666666666666
5160,0.863905325443787
5175,0.4
5190,0.38414634146341464
5205,0.3416149068322981
5220,0.6477987421383647
5235,0.5534591194968553
5250,0.5949367088607594
5265,0.8544303797468354
5280,0.8269230769230769
5295,0.6516129032258065
5310,0.27741935483870966
5325,0.2709677419354839
5340,0.2064516129032258
5355,0.19607843137254902
5370,0.21710526315789475
5385,0.45695364238410596
5400,0.5405405405405406
5415,0.7006802721088435
5430,0.3945578231292517
5445,0.3767123287671233
5460,0.2602739726027397
5475,0.2876712328767123
5490,0.3424657534246575
5505,0.4583333333333333
5520,0.2097902097902098
5535,0.2727272727272727
5550,0.49295774647887325
5565,0.5
5580,0.460431654676259
5595,0.2246376811594203
5610,0.5217391304347826
5625,0.25547445255474455
5640,0.29927007299270075
5655,0.4306569343065693
5670,0.45588235294117646
5685,0.7279411764705882
5700,0.33088235294117646
5715,0.47794117647058826
5730,0.9705882352941176
5745,0.7111111111111111
5760,0.4701492537313433
5775,0.5151515151515151
5790,0.4166666666666667
5805,0.7196969696969697
5820,0.49242424242424243
5835,0.4772727272727273
5850,0.6742424242424242
5865,0.40458015267175573
5880,0.3893129770992366
5895,0.4122137404580153
5910,0.6106870229007634
5925,0.5384615384615384
5940,0.5846153846153846
5955,0.36153846153846153
5970,0.5461538461538461
5985,0.47692307692307695
6000,0.40625
6015,0.2421875
6030,0.515625
6045,0.6771653543307087
6060,0.5905511811023622
6075,0.5984251968503937
6090,0.4409448818897638
6105,0.584
6120,0.784
6135,0.44
6150,0.36585365853658536
6165,0.5609756097560976
6180,0.4918032786885246
6195,0.5819672131147541
6210,0.4344262295081967
6225,0.639344262295082
6240,0.38524590163934425
6255,0.6033057851239669
6270,0.5454545454545454
6285,1.4297520661157024
6300,0.8275862068965517
6315,0.46551724137931033
6330,0.7758620689655172
6345,0.8362068965517241
6360,0.47413793103448276
6375,0.808695652173913
6390,0.7017543859649122
6405,0.8053097345132744
6420,0.5765765765765766
6435,1.009009009009009
6450,0.5045871559633027
6465,0.5
6480,0.5740740740740741
6495,0.45714285714285713
6510,0.3883495145631068
6525,0.42718446601941745
6540,0.4563106796116505
6555,0.3592233009708738
6570,0.36893203883495146
6585,0.3786407766990291
6600,0.42
6615,0.45454545454545453
6630,0.5252525252525253
6645,0.3541666666666667
6660,0.6666666666666666
6675,0.3125
6690,0.3229166666666667
6705,0.5520833333333334
6720,0.8526315789473684
6735,0.3263157894736842
6750,0.28421052631578947
6765,0.4105263157894737
6780,0.5894736842105263
6795,0.3473684210526316
6810,0.2765957446808511
6825,0.22340425531914893
6840,0.24468085106382978
6855,0.3010752688172043
6870,0.16304347826086957
6885,0.22826086956521738
6900,0.2391304347826087
6915,0.5274725274725275
6930,0.32222222222222224
6945,0.35555555555555557
6960,0.24444444444444444
6975,0.32222222222222224
6990,0.15730337078651685
7005,0.550561797752809
7020,0.550561797752809
7035,0.4943820224719101
7050,0.33707865168539325
7065,0.29213483146067415
7080,0.3595505617977528
7095,0.20224719101123595
7110,0.4606741573033708
7125,0.22727272727272727
7140,0.45454545454545453
7155,0.6781609195402298
7170,0.5
7185,0.4069767441860465
7200,0.313953488372093
7215,0.5930232558139535
7230,0.3614457831325301
7245,0.6144578313253012
7260,0.43373493975903615
7275,0.4457831325301205
7290,0.4457831325301205
7305,0.46987951807228917
7320,0.4024390243902439
7335,0.3780487804878049
7350,1.024390243902439
7365,0.35365853658536583
7380,0.6585365853658537
7395,0.4634146341463415
7410,0.43902439024390244
7425,0.5061728395061729
7440,0.4625
7455,0.6125
7470,0.2625
7485,0.375
7500,0.4
7515,0.7125
7530,0.3625
7545,0.475
7560,0.45
7575,0.35
7590,0.4625
7605,0.3875
7620,0.4
7635,0.34177215189873417
7650,0.759493670886076
7665,0.5189873417721519
7680,0.6153846153846154
7695,0.7051282051282052
7710,0.5256410256410257
7725,0.5194805194805194
7740,0.44155844155844154
7755,0.7368421052631579
7770,0.56
7785,0.3333333333333333
7800,0.4533333333333333
7815,0.4594594594594595
7830,0.47297297297297297
7845,0.3108108108108108
7860,0.25675675675675674
7875,1.027027027027027
7890,0.8783783783783784
7905,0.5135135135135135
7920,0.44594594594594594
7935,0.3698630136986301
7950,0.6027397260273972
7965,0.3472222222222222
7980,0.5
7995,0.39436619718309857
8010,0.5882352941176471
8025,0.5970149253731343
8040,0.373134328358209
8055,0.6363636363636364
8070,0.3787878787878788
8085,0.24242424242424243
8100,0.26153846153846155
8115,1.4
8130,0.46875
8145,0.40625
8160,0.578125
8175,0.38095238095238093
8190,0.4032258064516129
8205,0.3225806451612903
8220,0.3870967741935484
8235,0.45161290322580644
8250,0.3225806451612903
8265,0.9516129032258065
8280,0.7903225806451613
8295,0.4838709677419355
8310,0.27419354838709675
8325,0.11290322580645161
8340,0.21311475409836064
8355,0.18032786885245902
8370,0.2459016393442623
8385,0.2786885245901639
8400,0.45901639344262296
8415,0.3114754098360656
8430,0.4666666666666667
8445,0.45
8460,0.31666666666666665
8475,0.38333333333333336
8490,0.38333333333333336
8505,0.35
8520,0.6666666666666666
8535,0.4915254237288136
8550,0.2711864406779661
8565,0.7068965517241379
8580,0.9655172413793104
8595,0.5689655172413793
8610,0.3684210526315789
8625,0.5263157894736842
8640,0.543859649122807
8655,0.32142857142857145
8670,0.4642857142857143
8685,0.2857142857142857
8700,0.4727272727272727
8715,0.6727272727272727
8730,0.5636363636363636
8745,0.34545454545454546
8760,0.6111111111111112
8775,0.8148148148148148
8790,0.35185185185185186
8805,0.5
8820,0.5
8835,0.2222222222222222
8850,0.3888888888888889
8865,0.5
8880,0.5370370370370371
8895,0.6481481481481481
8910,0.5555555555555556
8925,0.20754716981132076
8940,0.39622641509433965
8955,0.27450980392156865
8970,0.5294117647058824
8985,0.29411764705882354
9000,0.5294117647058824
9015,0.39215686274509803
9030,0.3137254901960784
9045,0.39215686274509803
9060,0.29411764705882354
9075,0.6862745098039216
9090,0.9411764705882353
9105,0.7450980392156863
9120,0.35294117647058826
9135,0.4117647058823529
9150,0.88
9165,0.34
9180,0.56
9195,1.0
9210,0.86
9225,0.3
9240,0.28
9255,0.66
9270,1.2
9285,0.62
9300,0.78
9315,1.26
9330,0.5918367346938775
9345,0.8125
9360,0.3958333333333333
9375,0.75
9390,0.8125
9405,0.3958333333333333
9420,0.8958333333333334
9435,0.3125
9450,0.7708333333333334
9465,0.2916666666666667
9480,0.8958333333333334
9495,1.127659574468085
9510,0.6382978723404256
9525,0.5319148936170213
9540,0.14893617021276595
9555,0.44680851063829785
9570,0.43478260869565216
9585,0.2608695652173913
9600,0.4782608695652174
9615,0.2391304347826087
9630,0.391304347826087
9645,0.43478260869565216
9660,0.021739130434782608
9675,0.43478260869565216
9690,0.2608695652173913
9705,0.08695652173913043
9720,0.06521739130434782
9735,0.21739130434782608
9750,0.32608695652173914
9765,0.2608695652173913
9780,0.34782608695652173
9795,0.2826086956521739
9810,0.34782608695652173
9825,0.41304347826086957
9840,0.13043478260869565
9855,0.5869565217391305
9870,0.21739130434782608
9885,0.13043478260869565
9900,0.41304347826086957
9915,0.391304347826087
9930,0.5434782608695652
9945,0.17391304347826086
9960,0.32608695652173914
9975,0.5434782608695652
9990,0.2608695652173913
10005,0.26666666666666666
10020,0.24444444444444444
10035,0.4444444444444444
10050,0.6222222222222222
10065,0.37777777777777777
10080,0.5777777777777777
10095,0.4
10110,0.9555555555555556
10125,0.3111111111111111
10140,0.7045454545454546
10155,0.7045454545454546
10170,0.4090909090909091
10185,0.29545454545454547
10200,0.22727272727272727
10215,0.36363636363636365
10230,0.7272727272727273
10245,0.3181818181818182
10260,0.5
10275,1.0
10290,0.2727272727272727
10305,1.75
10320,0.4318181818181818
10335,0.22727272727272727
10350,0.3409090909090909
10365,0.20454545454545456
10380,1.0
10395,0.813953488372093
10410,1.302325581395349
10425,2.046511627906977
10440,2.116279069767442
10455,1.8837209302325582
10470,1.302325581395349
10485,2.0232558139534884
10500,2.4047619047619047
10515,1.1904761904761905
10530,0.6190476190476191
10545,0.2619047619047619
10560,0.7142857142857143
10575,1.951219512195122
10590,2.926829268292683
10605,1.951219512195122
10620,0.3
10635,1.525
10650,0.7948717948717948
10665,0.38461538461538464
10680,1.3846153846153846
10695,0.38461538461538464
10710,0.6052631578947368
10725,0.3611111111111111
10740,0.3333333333333333
10755,0.3333333333333333
10770,0.9444444444444444
10785,0.4166666666666667
10800,0.8333333333333334
10815,0.9444444444444444
10830,0.6944444444444444
10845,0.2857142857142857
10860,0.23529411764705882
10875,1.0
10890,0.36363636363636365
10905,0.06060606060606061
10920,0.696969696969697
10935,0.7575757575757576
10950,0.09090909090909091
10965,1.0606060606060606
10980,1.9696969696969697
10995,1.7272727272727273
11010,0.21212121212121213
11025,1.4545454545454546
11040,2.303030303030303
11055,1.7272727272727273
11070,0.09375
11085,0.34375
11100,1.7741935483870968
11115,0.23333333333333334
11130,2.533333333333333
11145,0.9666666666666667
11160,1.0666666666666667
11175,0.6333333333333333
11190,0.7931034482758621
11205,0.5517241379310345
11220,0.034482758620689655
11235,0.27586206896551724
11250,0.3103448275862069
11265,0.8620689655172413
11280,0.07142857142857142
11295,0.4642857142857143
11310,0.07142857142857142
11325,0.35714285714285715
11340,0.4642857142857143
11355,0.07142857142857142
11370,0.10714285714285714
11385,0.32142857142857145
11400,1.5357142857142858
11415,0.10714285714285714
11430,0.21428571428571427
11445,0.17857142857142858
11460,0.25
11475,0.35714285714285715
11490,0.14285714285714285
11505,0.75
11520,0.42857142857142855
11535,0.7857142857142857
11550,0.25
11565,0.39285714285714285
11580,0.4642857142857143
11595,0.25
11610,0.2857142857142857
11625,0.5357142857142857
11640,0.17857142857142858
11655,0.6071428571428571
11670,0.35714285714285715
11685,0.25
11700,0.17857142857142858
11715,0.42857142857142855
11730,0.35714285714285715
11745,0.2857142857142857
11760,0.5
11775,0.35714285714285715
11790,0.2857142857142857
11805,1.25
11820,0.6071428571428571
11835,2.107142857142857
11850,0.7857142857142857
11865,0.8571428571428571
11880,0.9642857142857143
11895,0.9285714285714286
11910,0.5
11925,0.6071428571428571
11940,0.6071428571428571
11955,0.7142857142857143
11970,0.5714285714285714
11985,0.32142857142857145
12000,0.5185185185185185
12015,0.7037037037037037
12030,0.6666666666666666
12045,0.7407407407407407
12060,0.2962962962962963
12075,0.2962962962962963
12090,0.3333333333333333
12105,0.7777777777777778
12120,0.6296296296296297
12135,0.4074074074074074
12150,0.2222222222222222
12165,0.3333333333333333
12180,0.18518518518518517
12195,0.46153846153846156
12210,0.07692307692307693
12225,0.5384615384615384
12240,0.19230769230769232
12255,0.4230769230769231
12270,0.38461538461538464
12285,0.7307692307692307
12300,0.9615384615384616
12315,0.2692307692307692
12330,0.38461538461538464
12345,0.19230769230769232
12360,1.3461538461538463
12375,0.23076923076923078
12390,0.4230769230769231
12405,0.11538461538461539
12420,1.0769230769230769
12435,0.23076923076923078
12450,1.0
12465,0.46153846153846156
12480,0.6538461538461539
12495,0.34615384615384615
12510,1.1153846153846154
12525,0.34615384615384615
12540,0.8846153846153846
12555,0.15384615384615385
12570,0.11538461538461539
12585,0.9615384615384616
12600,0.11538461538461539
12615,0.19230769230769232
12630,0.0
12645,0.04
12660,0.28
12675,0.08
12690,0.08
12705,0.04
12720,0.44
12735,0.56
12750,0.24
12765,0.36
12780,0.36
12795,0.28
12810,0.28
12825,0.24
12840,0.08
12855,0.08
12870,0.2
12885,0.48
12900,0.08
12915,0.16
12930,0.52
12945,0.44
12960,0.2
12975,0.16
12990,0.6
13005,0.52
13020,0.76
13035,0.2
13050,0.20833333333333334
13065,0.5416666666666666
13080,0.7083333333333334
13095,0.2916666666666667
13110,0.25
13125,0.16666666666666666
13140,0.25
13155,0.25
13170,0.5833333333333334
13185,0.5
13200,0.16666666666666666
13215,0.2916666666666667
13230,0.25
13245,0.20833333333333334
13260,0.43478260869565216
13275,0.34782608695652173
13290,0.4090909090909091
13305,0.36363636363636365
13320,0.18181818181818182
13335,0.045454545454545456
13350,0.22727272727272727
13365,0.5
13380,0.18181818181818182
13395,0.4090909090909091
13410,0.13636363636363635
13425,0.23809523809523808
13440,0.9047619047619048
13455,0.9047619047619048
13470,0.23809523809523808
13485,0.5714285714285714
13500,0.5238095238095238
13515,0.19047619047619047
13530,0.2857142857142857
13545,0.5238095238095238
13560,0.7619047619047619
13575,0.8095238095238095
13590,1.0476190476190477
13605,1.1904761904761905
13620,0.95
13635,0.8
13650,0.7
13665,0.15
13680,1.0
13695,0.05
13710,0.4
13725,0.8
13740,0.55
13755,0.35
13770,1.0
13785,0.3333333333333333
13800,0.05555555555555555
13815,0.16666666666666666
13830,0.05555555555555555
13845,0.3333333333333333
13860,0.05555555555555555
13875,0.2222222222222222
13890,0.3888888888888889
13905,0.5882352941176471
13920,0.0
13935,0.1875
13950,1.5
13965,0.0625
13980,0.0
13995,0.25
14010,0.1875
14025,1.0
14040,0.25
14055,0.0625
14070,0.4375
14085,2.625
14100,0.9375
14115,2.5625
14130,0.0
14145,0.375
14160,0.5
14175,0.5625
14190,0.4375
14205,0.5625
14220,0.25
14235,0.1875
14250,1.5
14265,1.1875
14280,1.0
14295,0.125
14310,0.125
14325,0.625
14340,0.0625
14355,0.5
14370,0.3125
14385,0.125
14400,0.3125
14415,1.0625
14430,0.375
14445,0.375
14460,0.0625
14475,0.25
14490,0.125
14505,1.375
14520,1.8125
14535,0.5
14550,0.625
14565,0.25
14580,0.1875
14595,0.25
14610,0.75
14625,0.3333333333333333
14640,0.4666666666666667
14655,0.5333333333333333
14670,0.4666666666666667
14685,0.4
14700,0.6
14715,0.4666666666666667
14730,0.2
14745,0.6666666666666666
14760,0.3333333333333333
14775,0.5333333333333333
14790,0.06666666666666667
14805,0.13333333333333333
14820,0.3333333333333333
14835,0.7333333333333333
14850,0.4666666666666667
14865,0.3333333333333333
14880,0.4666666666666667
14895,0.4
14910,0.8666666666666667
14925,0.3333333333333333
14940,0.4666666666666667
14955,0.4666666666666667
14970,0.42857142857142855
14985,0.14285714285714285
15000,0.2857142857142857
15015,0.35714285714285715
15030,1.5
15045,0.7857142857142857
15060,0.14285714285714285
15075,0.7857142857142857
15090,0.25
15105,0.3333333333333333
15120,0.08333333333333333
15135,0.09090909090909091
15150,0.45454545454545453
15165,0.36363636363636365
15180,0.6
15195,0.4
15210,0.4
15225,0.8
15240,0.3
15255,0.1
15270,0.3
15285,0.4
15300,0.2
15315,0.6
15330,0.0
15345,0.7
15360,1.1
15375,0.5555555555555556
15390,0.3333333333333333
15405,6.222222222222222
15420,1.3333333333333333
15435,0.0
15450,1.0
15465,1.0
15480,0.0
15495,0.0
15510,0.6666666666666666
15525,0.1111111111111111
15540,0.1111111111111111
15555,0.0
15570,0.0
15585,0.1111111111111111
15600,0.1111111111111111
15615,0.7777777777777778
15630,0.2222222222222222
15645,0.2222222222222222
15660,0.6666666666666666
15675,0.5555555555555556
15690,0.4444444444444444
15705,0.3333333333333333
15720,0.4444444444444444
15735,0.2222222222222222
15750,0.3333333333333333
15765,0.1111111111111111
15780,0.3333333333333333
15795,0.2222222222222222
15810,0.4444444444444444
15825,0.2222222222222222
15840,0.7777777777777778
15855,0.2222222222222222
15870,0.4444444444444444
15885,0.5555555555555556
15900,0.1111111111111111
15915,1.1111111111111112
15930,0.4444444444444444
15945,0.2222222222222222
15960,0.2222222222222222
15975,0.2222222222222222
15990,0.2222222222222222
16005,0.2222222222222222
16020,0.4444444444444444
16035,1.0
16050,0.7777777777777778
16065,0.1111111111111111
16080,0.7777777777777778
16095,0.4444444444444444
16110,0.4444444444444444
16125,0.3333333333333333
16140,0.4444444444444444
16155,0.3333333333333333
16170,0.3333333333333333
16185,0.5555555555555556
16200,0.3333333333333333
16215,0.3333333333333333
16230,0.1111111111111111
16245,0.1111111111111111
16260,0.2222222222222222
16275,0.1111111111111111
16290,0.8888888888888888
16305,0.4444444444444444
16320,0.1111111111111111
16335,1.0
16350,0.4444444444444444
16365,0.1111111111111111
16380,0.6666666666666666
16395,1.4444444444444444
16410,0.25
16425,0.625
16440,0.375
16455,0.375
16470,0.625
16485,0.125
16500,0.25
16515,1.0
16530,0.375
16545,0.25
16560,0.375
16575,0.125
16590,0.375
16605,0.375
16620,0.25
16635,0.25
16650,0.375
16665,0.0
16680,0.0
16695,0.75
16710,0.0
16725,0.5
16740,0.0
16755,0.0
16770,0.375
16785,0.125
16800,0.625
16815,1.375
16830,0.14285714285714285
16845,0.14285714285714285
16860,0.7142857142857143
16875,0.14285714285714285
16890,0.14285714285714285
16905,0.42857142857142855
16920,0.14285714285714285
16935,0.2857142857142857
16950,0.14285714285714285
16965,0.0
16980,0.0
16995,0.2857142857142857
17010,0.0
17025,0.14285714285714285
17040,0.2857142857142857
17055,0.14285714285714285
17070,0.0
17085,0.42857142857142855
17100,0.42857142857142855
17115,0.0
17130,0.5714285714285714
17145,0.5714285714285714
17160,0.2857142857142857
17175,0.7142857142857143
17190,0.42857142857142855
17205,0.2857142857142857
17220,0.8571428571428571
17235,0.2857142857142857
17250,0.14285714285714285
17265,0.5714285714285714
17280,0.14285714285714285
17295,0.2857142857142857
17310,0.14285714285714285
17325,0.14285714285714285
17340,1.0
17355,0.2857142857142857
17370,0.2857142857142857
17385,0.2857142857142857
17400,0.2857142857142857
17415,0.42857142857142855
17430,0.2857142857142857
17445,0.7142857142857143
17460,0.3333333333333333
17475,1.3333333333333333
17490,0.5
17505,0.3333333333333333
17520,0.5
17535,0.16666666666666666
17550,0.3333333333333333
17565,0.5
17580,0.3333333333333333
17595,0.3333333333333333
17610,0.5
17625,0.5
17640,1.3333333333333333
17655,0.3333333333333333
17670,0.0
17685,0.8333333333333334
17700,1.1666666666666667
17715,0.5
17730,0.16666666666666666
17745,0.5
17760,0.3333333333333333
17775,0.8333333333333334
17790,1.3333333333333333
17805,0.3333333333333333
17820,0.3333333333333333
17835,0.0
17850,0.3333333333333333
17865,0.8333333333333334
17880,0.3333333333333333
17895,0.3333333333333333
17910,1.0
17925,1.0
17940,0.16666666666666666
17955,0.16666666666666666
17970,0.3333333333333333
17985,1.6666666666666667
18000,0.16666666666666666
18015,0.16666666666666666
18030,0.0
18045,0.0
18060,0.0
18075,0.0
18090,0.0
18105,0.0
18120,0.5
18135,0.0
18150,0.16666666666666666
18165,0.16666666666666666
18180,0.3333333333333333
18195,0.0
18210,1.8333333333333333
18225,0.5
18240,0.16666666666666666
18255,0.6666666666666666
18270,1.8333333333333333
18285,0.3333333333333333
18300,0.0
18315,0.16666666666666666
18330,0.0
18345,0.16666666666666666
18360,0.3333333333333333
18375,0.0
18390,0.16666666666666666
18405,0.2
18420,0.0
18435,0.0
18450,0.0
18465,0.0
18480,0.2
18495,0.2
18510,0.2
18525,0.2
18540,0.4
18555,0.4
18570,0.2
18585,0.0
18600,0.4
18615,1.2
18630,0.4
18645,0.2
18660,0.2
18675,0.6
18690,0.4
18705,0.4
18720,0.2
18735,5.4
18750,0.2
18765,0.4
18780,0.2
18795,0.2
18810,0.4
18825,0.6
18840,0.4
18855,0.2
18870,1.0
18885,0.6
18900,0.4
18915,0.4
18930,0.4
18945,0.2
18960,0.4
18975,0.2
18990,1.0
19005,0.8
19020,1.4
19035,0.2
19050,0.6
19065,1.0
19080,1.2
19095,0.2
19110,0.0
19125,1.0
19140,0.2
19155,0.2
19170,0.6
19185,0.4
19200,0.4
19215,1.2
19230,1.0
19245,1.0
19260,2.8
19275,0.6
19290,1.0
19305,1.2
19320,1.4
19335,1.0
19350,1.0
19365,1.6
19380,0.0
19395,1.6
19410,0.6
19425,0.6
19440,1.0
19455,0.6
19470,0.0
19485,0.0
19500,0.0
19515,0.0
19530,1.6
19545,0.0
19560,2.4
19575,0.2
19590,0.4
19605,0.0
19620,0.6
19635,0.0
19650,0.2
19665,0.4
19680,0.8
19695,3.0
19710,0.0
19725,0.0
19740,0.0
19755,0.0
19770,0.0
19785,0.0
19800,1.2
19815,0.8
19830,1.0
19845,0.2
19860,0.0
19875,0.0
19890,0.0
19905,0.0
19920,0.25
19935,0.25
19950,0.25
19965,0.25
19980,0.75
19995,0.25
20010,0.5
20025,0.5
20040,1.0
20055,0.25
20070,0.5
20085,0.5
20100,0.5
20115,0.25
20130,0.25
20145,0.25
20160,0.5
20175,0.25
20190,0.5
20205,0.25
20220,0.5
20235,0.25
20250,0.25
20265,0.5
20280,0.5
20295,0.75
20310,0.75
20325,0.5
20340,0.6666666666666666
20355,1.0
20370,0.3333333333333333
20385,0.0
20400,0.0
20415,0.3333333333333333
20430,0.3333333333333333
20445,0.6666666666666666
20460,0.3333333333333333
20475,0.3333333333333333
20490,0.6666666666666666
20505,0.0
20520,0.3333333333333333
20535,1.3333333333333333
20550,1.3333333333333333
20565,1.0
20580,1.0
20595,1.3333333333333333
20610,0.3333333333333333
20625,0.6666666666666666
20640,0.0
20655,0.0
20670,0.0
20685,0.0
20700,0.3333333333333333
20715,0.0
20730,0.0
20745,0.0
20760,0.0
20775,0.3333333333333333
20790,0.0
20805,0.0
20820,0.0
20835,0.3333333333333333
20850,1.0
20865,0.6666666666666666
20880,1.3333333333333333
20895,0.3333333333333333
20910,0.0
20925,0.3333333333333333
20940,0.0
20955,0.3333333333333333
20970,0.3333333333333333
20985,0.0
21000,0.0
21015,0.3333333333333333
21030,2.0
21045,0.0
21060,0.3333333333333333
21075,0.3333333333333333
21090,0.0
21105,0.0
21120,0.0
21135,2.0
21150,0.0
21165,0.0
21180,0.0
21195,0.0
21210,0.0
21225,0.0
21240,0.3333333333333333
21255,0.0
21270,5.333333333333333
21285,0.0
21300,0.0
21315,0.0
21330,4.666666666666667
21345,3.3333333333333335
21360,0.0
21375,1.3333333333333333
21390,0.0
21405,0.3333333333333333
21420,0.3333333333333333
21435,0.3333333333333333
21450,0.6666666666666666
21465,1.3333333333333333
21480,1.0
21495,1.0
21510,0.0
21525,0.3333333333333333
21540,0.0
21555,0.0
21570,0.0
21585,0.0
21600,0.3333333333333333
21615,0.6666666666666666
21630,0.3333333333333333
21645,0.0
21660,0.3333333333333333
21675,0.6666666666666666
21690,0.6666666666666666
21705,0.0
21720,0.0
21735,0.0
21750,0.3333333333333333
21765,0.3333333333333333
21780,0.6666666666666666
21795,0.0
21810,0.0
21825,0.0
21840,1.6666666666666667
21855,0.0
21870,0.6666666666666666
21885,0.0
21900,0.3333333333333333
21915,0.0
21930,0.0
21945,0.0
21960,0.3333333333333333
21975,0.0
21990,0.0
22005,0.0
22020,0.0
22035,0.0
22050,0.0
22065,0.0
22080,0.6666666666666666
22095,0.3333333333333333
22110,0.0
22125,0.0
22140,0.3333333333333333
22155,1.0
22170,0.3333333333333333
22185,1.0
22200,0.3333333333333333
22215,1.3333333333333333
22230,0.0
22245,0.3333333333333333
22260,0.3333333333333333
22275,0.3333333333333333
22290,2.3333333333333335
22305,0.0
22320,0.0
22335,0.3333333333333333
22350,0.0
22365,0.3333333333333333
22380,0.6666666666666666
22395,0.0
22410,1.0
22425,2.6666666666666665
22440,1.3333333333333333
22455,0.0
22470,0.3333333333333333
22485,0.6666666666666666
22500,0.3333333333333333
22515,0.0
22530,0.0
22545,0.0
22560,0.0
22575,0.0
22590,0.0
22605,0.0
22620,0.0
22635,2.0
22650,0.0
22665,0.0
22680,0.3333333333333333
22695,0.0
22710,0.0
22725,2.0
22740,0.0
22755,0.0
22770,0.0
22785,0.0
22800,0.0
22815,0.0
22830,0.0
22845,1.0
22860,0.3333333333333333
22875,0.0
22890,0.3333333333333333
22905,0.0
22920,0.6666666666666666
22935,0.3333333333333333
22950,1.3333333333333333
22965,0.0
22980,0.0
22995,0.3333333333333333
23010,0.6666666666666666
23025,1.0
23040,0.3333333333333333
23055,0.0
23070,0.3333333333333333
23085,0.0
23100,0.3333333333333333
23115,0.0
23130,0.0
23145,0.0
23160,0.0
23175,0.0
23190,0.3333333333333333
23205,0.0
23220,0.3333333333333333
23235,0.0
23250,1.0
23265,0.3333333333333333
23280,0.0
23295,0.0
23310,0.0
23325,0.6666666666666666
23340,0.3333333333333333
23355,0.0
23370,1.0
23385,0.3333333333333333
23400,0.3333333333333333
23415,0.6666666666666666
23430,0.0
23445,0.0
23460,0.0
23475,0.6666666666666666
23490,0.3333333333333333
23505,0.3333333333333333
23520,0.0
23535,0.3333333333333333
23550,0.5
23565,0.0
23580,1.5
23595,0.5
23610,0.0
23625,0.0
23640,0.0
23655,0.5
23670,1.0
23685,0.0
23700,0.0
23715,0.5
23730,0.5
23745,0.0
23760,1.0
23775,1.0
23790,0.0
23805,0.5
23820,0.5
23835,0.0
23850,0.0
23865,0.0
23880,0.5
23895,0.0
23910,0.0
23925,0.5
23940,2.5
23955,0.5
23970,1.0
23985,0.5
24000,0.0
24015,0.0
24030,0.0
24045,0.0
24060,0.0
24075,0.0
24090,0.0
24105,0.0
24120,0.5
24135,0.0
24150,0.0
24165,0.0
24180,0.0
24195,0.0
24210,0.0
24225,0.0
24240,0.0
24255,1.0
24270,0.0
24285,0.5
24300,0.5
24315,0.0
24330,0.0
24345,0.0
24360,0.0
24375,0.5
24390,1.5
24405,0.0
24420,0.0
24435,0.0
24450,0.0
24465,0.0
24480,1.0
24495,0.0
24510,0.0
24525,3.0
24540,1.0
24555,0.0
24570,0.0
24585,0.0
24600,0.0
24615,0.0
24630,0.0
24645,1.0
24660,0.5
24675,0.0
24690,0.0
24705,0.0
24720,0.5
24735,0.0
24750,0.0
24765,0.0
24780,0.5
24795,0.5
24810,0.0
24825,1.5
24840,1.0
24855,1.0
24870,0.5
24885,0.0
24900,0.0
24915,0.0
24930,0.0
24945,0.0
24960,0.0
24975,0.0
24990,0.0
25005,0.0
25020,0.5
25035,0.0
25050,0.0
25065,0.0
25080,0.0
25095,0.0
25110,0.0
25125,0.0
25140,1.5
25155,4.5
25170,3.0
25185,2.0
25200,0.5
25215,0.0
25230,0.0
25245,0.0
25260,0.0
25275,0.0
25290,0.0
25305,0.0
25320,0.0
25335,0.0
25350,0.0
25365,0.0
25380,0.5
25395,0.0
25410,0.0
25425,0.0
25440,0.0
25455,0.0
25470,0.0
25485,0.0
25500,0.0
25515,0.0
25530,0.0
25545,0.0
25560,3.5
25575,0.0
25590,0.0
25605,0.0
25620,0.0
25635,0.0
25650,0.0
25665,3.0
25680,0.0
25695,0.5
25710,0.0
25725,0.0
25740,1.0
25755,1.0
25770,0.0
25785,0.0
25800,0.5
25815,2.0
25830,0.0
25845,0.0
25860,0.0
25875,0.0
25890,0.0
25905,0.0
25920,0.5
25935,3.0
25950,0.0
25965,0.0
25980,0.0
25995,0.0
26010,0.5
26025,0.0
26040,0.0
26055,0.0
26070,0.0
26085,0.0
26100,1.5
26115,0.0
26130,0.0
26145,0.0
26160,1.0
26175,1.0
26190,3.0
26205,0.0
26220,1.0
26235,1.0
26250,0.0
26265,1.0
26280,0.0
26295,0.0
26310,6.0
26325,1.0
26340,0.0
26355,0.0
26370,1.0
26385,1.0
26400,0.0
26415,1.0
26430,0.0
26445,0.0
26460,2.0
26475,0.0
26490,1.0
26505,1.0
26520,0.0
26535,1.0
26550,0.0
26565,6.0
26580,0.0
26595,0.0
26610,0.0
26625,0.0
26640,1.0
26655,0.0
26670,1.0
26685,2.0
26700,6.0
26715,1.0
26730,0.0
26745,1.0
26760,0.0
26775,0.0
26790,0.0
26805,0.0
26820,0.0
26835,0.0
26850,0.0
26865,0.0
26880,0.0
26895,0.0
26910,7.0
26925,0.0
26940,0.0
26955,0.0
26970,3.0
26985,1.0
27000,1.0
27015,1.0
27030,0.0
27045,0.0
27060,0.0
27075,0.0
27090,0.0
27105,0.0
27120,0.0
27135,0.0
27150,0.0
27165,0.0
27180,0.0
27195,0.0
27210,0.0
27225,0.0
27240,1.0
27255,1.0
27270,0.0
27285,0.0
27300,0.0
27315,1.0
27330,0.0
27345,0.0
27360,0.0
27375,0.0
27390,0.0
27405,0.0
27420,0.0
27435,0.0
27450,0.0
27465,0.0
27480,0.0
27495,0.0
27510,0.0
27525,0.0
27540,0.0
27555,0.0
27570,0.0
27585,0.0
27600,0.0
27615,0.0
27630,1.0
27645,1.0
27660,0.0
27675,0.0
27690,0.0
27705,0.0
27720,0.0
27735,1.0
27750,0.0
27765,3.0
27780,0.0
27795,0.0
27810,1.0
27825,0.0
27840,0.0
27855,0.0
27870,1.0
27885,2.0
27900,1.0
27915,2.0
27930,0.0
27945,0.0
27960,0.0
27975,0.0
27990,0.0
28005,0.0
28020,1.0
28035,0.0
28050,0.0
28065,2.0
28080,0.0
28095,0.0
28110,0.0
28125,0.0
28140,1.0
28155,1.0
28170,0.0
28185,0.0
28200,0.0
28215,0.0
28230,0.0
28245,0.0
28260,0.0
28275,0.0
28290,0.0
28305,0.0
28320,0.0
28335,1.0
28350,0.0
28365,0.0
28380,0.0
28395,0.0
28410,0.0
28425,0.0
28440,0.0
28455,0.0
28470,0.0
28485,0.0
28500,0.0
28515,0.0
28530,0.0
28545,0.0
28560,0.0
28575,4.0
28590,0.0
28605,0.0
28620,0.0
28635,0.0
28650,0.0
28665,0.0
28680,0.0
28695,0.0
28710,1.0
28725,0.0
28740,0.0
28755,0.0
28770,2.0
28785,1.0
28800,0.0
28815,0.0
28830,1.0
28845,1.0
28860,1.0
28875,0.0
28890,0.0
28905,0.0
28920,0.0
28935,0.0
28950,0.0
28965,0.0
28980,0.0
28995,0.0
29010,0.0
29025,0.0
29040,0.0
29055,0.0
29070,0.0
29085,0.0
29100,0.0
29115,0.0
29130,0.0
29145,0.0
29160,0.0
29175,0.0
29190,0.0
29205,0.0
29220,0.0
29235,0.0
29250,0.0
29265,0.0
29280,0.0
29295,1.0
29310,0.0
29325,8.0
29340,0.0
29355,0.0
29370,0.0
29385,0.0
29400,0.0
29415,0.0
29430,0.0
29445,6.0
29460,0.0
29475,0.0
29490,0.0
29505,0.0
29520,0.0
29535,0.0
29550,0.0
29565,0.0
29580,1.0
29595,0.0
29610,0.0
29625,0.0
29640,0.0
29655,0.0
29670,6.0
29685,0.0
29700,0.0
29715,0.0
29730,0.0
29745,0.0
29760,0.0
29775,0.0
29790,0.0
29805,0.0
29820,0.0
29835,0.0
29850,1.0
29865,0.0
29880,0.0
29895,1.0
29910,0.0
29925,0.0
29940,0.0
29955,0.0
29970,0.0
29985,0.0
30000,0.0
30015,0.0
30030,0.0
30045,0.0
30060,0.0
30075,0.0
30090,0.0
30105,0.0
30120,0.0
30135,0.0
30150,1.0
30165,0.0
30180,0.0
30195,0.0
30210,0.0
30225,0.0
30240,1.0
30255,3.0
30270,0.0
30285,1.0
30300,0.0
30315,0.0
30330,0.0
30345,1.0
30360,1.0
30375,0.0
30390,0.0
30405,0.0
30420,0.0
30435,0.0
30450,0.0
30465,1.0
30480,0.0
30495,0.0
30510,0.0
30525,1.0
30540,5.0
30555,1.0
30570,0.0
30585,0.0
30600,0.0
30615,0.0
30630,0.0
30645,0.0
30660,1.0
30675,2.0
30690,1.0
30705,0.0
30720,0.0
30735,0.0
30750,1.0
30765,0.0
30780,0.0
30795,0.0
30810,1.0
30825,0.0
30840,0.0
30855,0.0
30870,0.0
30885,0.0
30900,0.0
30915,0.0
30930,0.0
30945,0.0
30960,0.0
30975,0.0
30990,0.0
31005,0.0
31020,0.0
31035,0.0
31050,2.0
31065,1.0
31080,0.0
31095,0.0
31110,0.0
31125,0.0
31140,0.0
31155,0.0
31170,0.0
31185,0.0
31200,0.0
31215,1.0
31230,0.0
31245,0.0
31260,0.0
31275,0.0
31290,0.0
31305,0.0
31320,0.0
31335,0.0
31350,0.0
31365,0.0
31380,0.0
31395,0.0
31410,0.0
31425,0.0
31440,0.0
31455,0.0
31470,0.0
31485,0.0
31500,0.0
31515,0.0
31530,0.0
31545,0.0
31560,0.0
31575,0.0
31590,0.0
31605,2.0
31620,0.0
31635,0.0
31650,0.0
31665,0.0
31680,0.0
31695,0.0
31710,0.0
31725,1.0
31740,0.0
31755,0.0
31770,0.0
31785,0.0
31800,0.0
31815,4.0
31830,0.0
31845,2.0
31860,0.0
31875,0.0
31890,0.0
31905,0.0
31920,0.0
31935,0.0
31950,0.0
31965,0.0
31980,4.0
31995,0.0
32010,0.0
32025,0.0
32040,0.0
32055,0.0
32070,0.0
32085,0.0
32100,0.0
32115,3.0
32130,0.0
32145,0.0
32160,0.0
32175,1.0
32190,0.0
32205,0.0
32220,1.0
32235,0.0
32250,0.0
32265,3.0
32280,0.0
32295,0.0
32310,0.0
32325,0.0
32340,0.0
32355,0.0
32370,0.0
32385,0.0
32400,4.0
32415,4.0
32430,0.0
32445,4.0
32460,1.0
32475,1.0
32490,1.0
32505,1.0
32520,1.0
32535,0.0
32550,8.0
32565,0.0
32580,1.0
32595,0.0
32610,0.0
32625,0.0
32640,0.0
32655,0.0
32670,4.0
32685,0.0
32700,0.0
32715,0.0
32730,0.0
32745,0.0
32760,0.0
32775,0.0
32790,0.0
32805,0.0
32820,0.0
32835,0.0
32850,0.0
32865,0.0
32880,0.0
32895,0.0
32910,0.0
32925,0.0
32940,0.0
32955,0.0
32970,0.0
32985,0.0
33000,0.0
33015,0.0
33030,1.0
33045,0.0
33060,0.0
33075,0.0
33090,0.0
33105,0.0
33120,1.0
33135,0.0
33150,0.0
33165,0.0
33180,0.0
33195,0.0
33210,0.0
33225,0.0
33240,0.0
33255,0.0
33270,0.0
33285,0.0
33300,0.0
33315,0.0
33330,0.0
33345,0.0
33360,0.0
33375,0.0
33390,0.0
33405,0.0
33420,0.0
33435,1.0
33450,0.0
33465,1.0
33480,0.0
33495,0.0
33510,0.0
33525,0.0
33540,0.0
33555,3.0
33570,0.0
33585,0.0
33600,0.0
33615,0.0
33630,0.0
33645,0.0
33660,0.0
33675,1.0
33690,0.0
33705,0.0
33720,0.0
33735,0.0
33750,0.0
33765,2.0
33780,1.0
33795,0.0
33810,4.0
33825,0.0
33840,0.0
33855,2.0
33870,1.0
33885,2.0
33900,1.0
33915,0.0
33930,6.0
33945,1.0
33960,0.0
33975,2.0
33990,0.0
34005,1.0
34020,6.0
34035,0.0
34050,0.0
34065,0.0
34080,0.0
34095,6.0
34110,0.0
34125,0.0
34140,0.0
34155,0.0
34170,0.0
34185,0.0
34200,0.0
34215,6.0
34230,0.0
34245,3.0
34260,0.0
34275,0.0
34290,0.0
34305,1.0
34320,0.0
34335,0.0
34350,1.0
34365,0.0
34380,0.0
34395,0.0
34410,0.0
34425,0.0
34440,0.0
34455,0.0
34470,0.0
34485,0.0
34500,1.0
34515,0.0
34530,0.0
34545,0.0
34560,0.0
34575,0.0
34590,0.0
34605,0.0
34620,0.0
34635,0.0
34650,0.0
34665,0.0
34680,1.0
34695,4.0
34710,1.0
34725,0.0
34740,0.0
34755,0.0
34770,3.0
34785,1.0
34800,2.0
34815,0.0
34830,4.0
34845,1.0
34860,1.0
34875,1.0
34890,1.0
34905,0.0
34920,1.0
34935,2.0
34950,0.0
34965,0.0
34980,0.0
34995,0.0
35010,0.0
35025,1.0
35040,0.0
35055,0.0
35070,2.0
35085,0.0
35100,0.0
35115,0.0
35130,0.0
35145,0.0
35160,0.0
35175,0.0
35190,0.0
35205,0.0
35220,0.0
35235,0.0
35250,0.0
35265,0.0
35280,0.0
35295,0.0
35310,0.0
35325,1.0
35340,0.0
35355,0.0
35370,0.0
35385,0.0
35400,0.0
35415,6.0
35430,0.0
35445,0.0
35460,0.0
35475,0.0
35490,0.0
35505,0.0
35520,0.0
35535,0.0
35550,0.0
35565,0.0
35580,0.0
35595,0.0
35610,0.0
35625,6.0
35640,0.0
35655,0.0
35670,0.0
35685,0.0
35700,0.0
35715,0.0
35730,0.0
35745,0.0
35760,0.0
35775,0.0
35790,6.0
35805,0.0
35820,0.0
35835,1.0
35850,0.0
35865,0.0
35880,0.0
35895,0.0
35910,0.0
35925,0.0
35940,1.0
35955,0.0
35970,1.0
35985,0.0
36000,0.0
36015,0.0
36030,0.0
36045,0.0
36060,0.0
36075,0.0
36090,0.0
36105,0.0
36120,0.0
36135,0.0
36150,0.0
36165,0.0
36180,0.0
36195,0.0
36210,0.0
36225,0.0
36240,0.0
36255,0.0
36270,0.0
36285,0.0
36300,0.0
36315,0.0
36330,0.0
36345,3.0
36360,0.0
36375,0.0
36390,3.0
36405,0.0
36420,0.0
36435,0.0
36450,0.0
36465,1.0
36480,0.0
36495,1.0
36510,0.0
36525,1.0
36540,0.0
36555,0.0
36570,1.0
36585,0.0
36600,0.0
36615,0.0
36630,1.0
36645,0.0
36660,3.0
36675,0.0
36690,1.0
36705,0.0
36720,0.0
36735,0.0
36750,0.0
36765,0.0
36780,0.0
36795,0.0
36810,0.0
36825,0.0
36840,0.0
36855,0.0
36870,0.0
36885,0.0
36900,1.0
36915,3.0
36930,0.0
36945,0.0
36960,0.0
36975,0.0
36990,0.0
37005,0.0
37020,0.0
37035,0.0
37050,0.0
37065,0.0
37080,0.0
37095,0.0
37110,0.0
37125,0.0
37140,0.0
37155,0.0
37170,0.0
37185,1.0
37200,0.0
37215,1.0
37230,0.0
37245,0.0
37260,1.0
37275,1.0
37290,0.0
37305,0.0
37320,0.0
37335,0.0
37350,0.0
37365,0.0
37380,0.0
37395,0.0
37410,0.0
37425,0.0
37440,0.0
37455,1.0
37470,0.0
37485,0.0
37500,0.0
37515,0.0
37530,0.0
37545,0.0
37560,0.0
37575,0.0
37590,0.0
37605,1.0
37620,0.0
37635,3.0
37650,1.0
37665,3.0
37680,0.0
37695,0.0
37710,0.0
37725,0.0
37740,1.0
37755,4.0
37770,0.0
37785,0.0
37800,0.0
37815,0.0
37830,0.0
37845,1.0
37860,0.0
37875,0.0
37890,1.0
37905,0.0
37920,0.0
37935,0.0
37950,1.0
37965,1.0
37980,1.0
37995,0.0
38010,1.0
38025,0.0
38040,0.0
38055,1.0
38070,0.0
38085,1.0
38100,1.0
38115,2.0
38130,0.0
38145,0.0
38160,0.0
38175,6.0
38190,12.0
38205,0.0
38220,0.0
38235,0.0
38250,0.0
38265,0.0
38280,0.0
38295,0.0
38310,0.0
38325,0.0
38340,0.0
38355,0.0
38370,0.0
38385,1.0
38400,0.0
38415,1.0
38430,7.0
38445,0.0
38460,0.0
38475,0.0
38490,0.0
38505,0.0
38520,0.0
38535,0.0
38550,0.0
38565,0.0
38580,0.0
38595,1.0
38610,0.0
38625,0.0
38640,6.0
38655,0.0
38670,0.0
38685,0.0
38700,0.0
38715,0.0
38730,0.0
38745,0.0
38760,0.0
38775,4.0
38790,0.0
38805,0.0
38820,0.0
38835,3.0
38850,0.0
38865,0.0
38880,0.0
38895,0.0
38910,0.0
38925,0.0
38940,0.0
38955,0.0
38970,0.0
38985,0.0
39000,0.0
39015,0.0
39030,0.0
39045,2.0
39060,0.0
39075,0.0
39090,0.0
39105,1.0
39120,0.0
39135,0.0
39150,0.0
39165,0.0
39180,2.0
39195,2.0
39210,0.0
39225,0.0
39240,0.0
39255,1.0
39270,4.0
39285,0.0
39300,1.0
39315,0.0
39330,1.0
39345,0.0
39360,2.0
39375,1.0
39390,0.0
39405,0.0
39420,1.0
39435,0.0
39450,0.0
39465,1.0
39480,0.0
39495,3.0
39510,0.0
39525,0.0
39540,0.0
39555,0.0
39570,0.0
39585,6.0
39600,1.0
39615,0.0
39630,0.0
39645,0.0
39660,0.0
39675,0.0
39690,0.0
39705,5.0
39720,4.0
39735,0.0
39750,0.0
39765,0.0
39780,0.0
39795,0.0
39810,0.0
39825,0.0
39840,0.0
39855,0.0
39870,0.0
39885,0.0
39900,0.0
39915,4.0
39930,0.0
39945,0.0
39960,0.0
39975,0.0
39990,0.0
40005,0.0
40020,0.0
40035,0.0
40050,0.0
40065,0.0
40080,0.0
40095,0.0
40110,0.0
40125,0.0
40140,0.0
40155,0.0
40170,13.0
40185,0.0
40200,1.0
40215,0.0
40230,0.0
40245,0.0
40260,0.0
40275,0.0
40290,0.0
40305,0.0
40320,0.0
40335,0.0
40350,0.0
40365,0.0
40380,0.0
40395,1.0
40410,0.0
40425,3.0
40440,0.0
40455,0.0
40470,1.0
40485,0.0
40500,2.0
40515,0.0
40530,0.0
40545,0.0
40560,0.0
40575,1.0
40590,0.0
40605,1.0
40620,0.0
40635,0.0
40650,1.0
40665,0.0
40680,0.0
40695,0.0
40710,0.0
40725,0.0
40740,0.0
40755,0.0
40770,0.0
40785,1.0
40800,1.0
40815,0.0
40830,0.0
40845,0.0
40860,0.0
40875,0.0
40890,0.0
40905,0.0
40920,0.0
40935,0.0
40950,0.0
40965,0.0
40980,0.0
40995,2.0
41010,0.0
41025,0.0
41040,0.0
41055,0.0
41070,0.0
41085,0.0
41100,1.0
41115,0.0
41130,0.0
41145,0.0
41160,0.0
41175,6.0
41190,7.0
41205,18.0
41220,1.0
41235,2.0
41250,0.0
41265,0.0
41280,12.0
41295,0.0
41310,2.0
41325,16.0
41340,12.0
41355,6.0
41370,0.0
41385,0.0
41400,0.0
41415,0.0
41430,0.0
41445,6.0
41460,0.0
41475,0.0
41490,0.0
41505,6.0
41520,6.0
41535,0.0
41550,0.0
41565,0.0
41580,0.0
41595,0.0
41610,1.0
41625,0.0
41640,1.0
41655,0.0
41670,1.0
41685,0.0
41700,0.0
41715,0.0
41730,0.0
41745,0.0
41760,0.0
41775,1.0
41790,0.0
41805,12.0
41820,2.0
41835,0.0
41850,12.0
41865,12.0
41880,8.0
41895,3.0
41910,1.0
41925,1.0
41940,0.0
41955,0.0
41970,0.0
41985,4.0
42000,0.0
42015,2.0
42030,1.0
42045,1.0
42060,2.0
42075,1.0
42090,0.0
42105,0.0
42120,0.0
42135,0.0
42150,0.0
42165,0.0
42180,0.0
42195,0.0
42210,4.0
42225,0.0
42240,0.0
42255,0.0
42270,0.0
42285,0.0
42300,0.0
42315,1.0
42330,0.0
42345,0.0
42360,0.0
42375,1.0
42390,0.0
42405,5.0
42420,3.0
42435,0.0
42450,1.0
42465,1.0
42480,0.0
42495,0.0
42510,0.0
42525,1.0
42540,0.0
42555,6.0
42570,0.0
42585,0.0
42600,7.0
42615,6.0
42630,0.0
42645,0.0
42660,2.0
42675,0.0
42690,6.0
42705,0.0
42720,0.0
42735,0.0
42750,0.0
42765,0.0
42780,1.0
42795,0.0
42810,0.0
42825,1.0
42840,0.0
42855,0.0
42870,0.0
42885,0.0
42900,0.0
42915,2.0
42930,1.0
42945,1.0
42960,1.0
42975,0.0
42990,0.0
43005,0.0
43020,0.0
43035,0.0
43050,3.0
43065,2.0
43080,0.0
43095,8.0
43110,0.0
43125,0.0
43140,1.0
43155,0.0
43170,0.0
43185,0.0
43200,0.0
43215,0.0
43230,1.0
43245,1.0
43260,0.0
43275,9.0
43290,1.0
43305,4.0
43320,0.0
43335,1.0
43350,0.0
43365,4.0
43380,0.0
43395,0.0
43410,1.0
43425,0.0
43440,0.0
43455,1.0
43470,0.0
43485,1.0
43500,1.0
43515,0.0
43530,2.0
43545,0.0
43560,3.0
43575,3.0
43590,0.0
43605,0.0
43620,1.0
43635,0.0
43650,1.0
43665,0.0
43680,1.0
43695,1.0
43710,0.0
43725,0.0
43740,0.0
43755,0.0
43770,13.0
43785,2.0
43800,0.0
43815,1.0
43830,1.0
43845,6.0
43860,0.0
43875,1.0
43890,0.0
43905,0.0
43920,0.0
43935,0.0
43950,1.0
43965,1.0
43980,0.0
43995,0.0
44010,0.0
44025,0.0
44040,0.0
44055,0.0
44070,0.0
44085,6.0
44100,2.0
44115,0.0
44130,0.0
44145,0.0
44160,0.0
44175,0.0
44190,0.0
44205,1.0
44220,0.0
44235,0.0
44250,0.0
44265,0.0
44280,1.0
44295,0.0
44310,0.0
44325,0.0
44340,0.0
44355,0.0
44370,0.0
44385,0.0
44400,0.0
44415,0.0
44430,0.0
44445,3.0
44460,0.0
44475,1.0
44490,4.0
44505,1.0
44520,1.0
44535,0.0
44550,0.0
44565,0.0
44580,2.0
44595,0.0
44610,0.0
44625,0.0
44640,0.0
44655,2.0
44670,3.0
44685,0.0
44700,0.0
44715,0.0
44730,2.0
44745,11.0
44760,1.0
44775,0.0
44790,2.0
44805,3.0
44820,1.0
44835,0.0
44850,0.0
44865,0.0
44880,0.0
44895,0.0
44910,1.0
44925,0.0
44940,1.0
44955,0.0
44970,1.0
44985,3.0
45000,0.0
45015,0.0
45030,0.0
45045,0.0
45060,3.0
45075,1.0
45090,0.0
45105,0.0
45120,0.0
45135,1.0
45150,0.0
45165,2.0
45180,1.0
45195,0.0
45210,0.0
45225,0.0
45240,0.0
45255,1.0
45270,1.0
45285,0.0
45300,39.0
45315,1.0
45330,0.0
45345,0.0
45360,0.0
45375,2.0
45390,0.0
45405,0.0
45420,0.0
45435,0.0
45450,0.0
45465,3.0
45480,1.0
45495,0.0
45510,0.0
45525,6.0
45540,3.0
45555,4.0
45570,0.0
45585,0.0
45600,0.0
45615,0.0
45630,0.0
45645,0.0
45660,0.0
45675,0.0
45690,0.0
45705,0.0
45720,0.0
45735,0.0
45750,0.0
45765,0.0
45780,0.0
45795,0.0
45810,0.0
45825,0.0
45840,0.0
45855,0.0
45870,0.0
45885,0.0
45900,0.0
45915,1.0
45930,0.0
45945,0.0
45960,0.0
45975,0.0
45990,0.0
46005,0.0
46020,1.0
46035,0.0
46050,0.0
46065,0.0
46080,0.0
46095,0.0
46110,0.0
46125,1.0
46140,0.0
46155,0.0
46170,0.0
46185,0.0
46200,0.0
46215,0.0
46230,0.0
46245,0.0
46260,0.0
46275,0.0
46290,0.0
46305,0.0
46320,1.0
46335,3.0
46350,0.0
46365,1.0
46380,1.0
46395,0.0
46410,0.0
46425,0.0
46440,2.0
46455,0.0
46470,0.0
46485,0.0
46500,0.0
46515,0.0
46530,1.0
46545,0.0
46560,2.0
46575,1.0
46590,0.0
46605,2.0
46620,0.0
46635,0.0
46650,3.0
46665,1.0
46680,0.0
46695,0.0
46710,2.0
46725,0.0
46740,0.0
46755,1.0
46770,3.0
46785,0.0
46800,0.0
46815,0.0
46830,0.0
46845,6.0
46860,0.0
46875,2.0
46890,0.0
46905,0.0
46920,0.0
46935,0.0
46950,0.0
46965,0.0
46980,0.0
46995,0.0
47010,1.0
47025,0.0
47040,0.0
47055,0.0
47070,6.0
47085,6.0
47100,0.0
47115,0.0
47130,0.0
47145,0.0
47160,0.0
47175,0.0
47190,0.0
47205,0.0
47220,0.0
47235,0.0
47250,0.0
47265,0.0
47280,0.0
47295,0.0
47310,0.0
47325,0.0
47340,0.0
47355,0.0
47370,0.0
47385,0.0
47400,0.0
47415,0.0
47430,0.0
47445,0.0
47460,0.0
47475,0.0
47490,1.0
47505,0.0
47520,0.0
47535,0.0
47550,0.0
47565,0.0
47580,0.0
47595,0.0
47610,0.0
47625,0.0
47640,0.0
47655,0.0
47670,2.0
47685,0.0
47700,0.0
47715,0.0
47730,0.0
47745,0.0
47760,0.0
47775,1.0
47790,0.0
47805,0.0
47820,0.0
47835,0.0
47850,0.0
47865,0.0
47880,0.0
47895,1.0
47910,0.0
47925,0.0
47940,0.0
47955,1.0
47970,0.0
47985,2.0
48000,1.0
48015,1.0
48030,1.0
48045,1.0
48060,0.0
48075,0.0
48090,0.0
48105,0.0
48120,1.0
48135,0.0
48150,0.0
48165,0.0
48180,0.0
48195,0.0
48210,0.0
48225,1.0
48240,0.0
48255,0.0
48270,0.0
48285,0.0
48300,0.0
48315,0.0
48330,1.0
48345,1.0
